customer_id,treatment,converted,revenue
3634,1,0,0.0
4119,1,0,0.0
4583,1,0,0.0
4672,1,0,0.0
2599,1,1,57.98
2009,1,0,0.0
3709,1,1,26.95
2971,1,0,0.0
1152,1,0,0.0
2205,1,1,103.89
3419,1,0,0.0
4249,1,0,0.0
4745,1,0,0.0
365,1,0,0.0
3382,1,0,0.0
1246,1,0,0.0
1007,1,0,0.0
3432,1,1,107.16
4784,1,0,0.0
398,1,1,138.22
5,1,0,0.0
4643,1,1,77.89
4687,1,0,0.0
3485,1,1,332.61
2188,1,0,0.0
3187,1,0,0.0
2561,1,0,0.0
4494,1,0,0.0
2485,1,0,0.0
3321,1,0,0.0
4302,1,1,66.52
1232,1,0,0.0
3931,1,0,0.0
3887,1,0,0.0
4728,1,0,0.0
332,1,1,47.47
2605,1,0,0.0
3699,1,0,0.0
939,1,0,0.0
2240,1,1,109.93
345,1,1,143.77
2010,1,1,172.69
4802,1,0,0.0
220,1,1,219.21
3055,1,0,0.0
4505,1,1,174.08
2166,1,0,0.0
2302,1,0,0.0
486,1,1,230.69
1865,1,0,0.0
2141,1,1,126.44
2190,1,1,44.91
2685,1,0,0.0
3573,1,0,0.0
2489,1,0,0.0
2538,1,1,85.75
4713,1,0,0.0
4779,1,1,266.45
2946,1,0,0.0
931,1,0,0.0
4312,1,0,0.0
72,1,0,0.0
453,1,1,90.56
1077,1,0,0.0
2279,1,1,54.2
334,1,1,88.24
4457,1,0,0.0
4341,1,0,0.0
1910,1,0,0.0
4218,1,0,0.0
2293,1,0,0.0
3595,1,1,111.44
4456,1,1,45.52
856,1,1,190.53
1420,1,0,0.0
1149,1,0,0.0
2922,1,1,253.65
889,1,1,10.16
1591,1,1,158.6
3278,1,1,167.01
4396,1,0,0.0
1271,1,0,0.0
785,1,0,0.0
1061,1,1,53.45
1371,1,1,245.71
1733,1,1,63.89
738,1,1,141.81
1872,1,1,139.69
3305,1,0,0.0
3384,1,1,178.31
1049,1,0,0.0
2075,1,0,0.0
2458,1,0,0.0
2541,1,1,30.54
3992,1,1,190.15
297,1,1,184.44
3000,1,0,0.0
2354,1,1,245.02
2381,1,0,0.0
2836,1,0,0.0
4939,1,1,185.33
1311,1,1,51.04
4194,1,0,0.0
2604,1,1,193.3
4077,1,1,528.64
3174,1,1,68.91
4860,1,0,0.0
4148,1,0,0.0
974,1,0,0.0
4768,1,0,0.0
3715,1,0,0.0
1564,1,0,0.0
942,1,0,0.0
4329,1,1,60.52
4012,1,1,102.0
2678,1,1,75.0
4268,1,1,109.04
1297,1,0,0.0
2565,1,1,117.42
3082,1,0,0.0
136,1,1,139.6
941,1,0,0.0
875,1,1,53.92
4796,1,0,0.0
2350,1,1,142.3
59,1,1,54.69
2580,1,0,0.0
2144,1,0,0.0
3778,1,0,0.0
684,1,0,0.0
4400,1,1,137.89
4053,1,0,0.0
1109,1,0,0.0
2042,1,0,0.0
1421,1,0,0.0
3428,1,0,0.0
4891,1,0,0.0
408,1,1,99.91
58,1,1,38.43
692,1,0,0.0
888,1,1,182.89
1308,1,0,0.0
4023,1,0,0.0
4820,1,0,0.0
194,1,0,0.0
3346,1,1,112.98
4136,1,0,0.0
2512,1,1,69.17
1767,1,1,44.59
1086,1,0,0.0
283,1,0,0.0
3236,1,0,0.0
4073,1,0,0.0
322,1,1,38.25
1613,1,0,0.0
1891,1,1,139.67
3422,1,0,0.0
2785,1,0,0.0
1337,1,0,0.0
4884,1,1,108.94
4976,1,1,204.66
2417,1,0,0.0
4047,1,0,0.0
1387,1,0,0.0
1783,1,1,85.82
465,1,0,0.0
737,1,1,72.45
3613,1,0,0.0
4614,1,0,0.0
1566,1,0,0.0
4705,1,0,0.0
579,1,1,45.08
3408,1,0,0.0
464,1,1,142.35
1422,1,1,159.06
4359,1,1,85.0
2238,1,1,46.19
1034,1,0,0.0
298,1,0,0.0
4529,1,0,0.0
1535,1,0,0.0
2806,1,1,86.83
4789,1,0,0.0
2577,1,0,0.0
1352,1,0,0.0
293,1,1,128.05
3016,1,0,0.0
933,1,0,0.0
3092,1,1,47.78
864,1,1,128.22
572,1,1,103.03
2264,1,0,0.0
4354,1,0,0.0
4795,1,1,147.21
788,1,1,97.74
1712,1,0,0.0
1941,1,0,0.0
4590,1,0,0.0
2393,1,0,0.0
3229,1,0,0.0
4512,1,0,0.0
4417,1,1,86.54
1632,1,0,0.0
2066,1,1,72.71
195,1,0,0.0
236,1,0,0.0
4548,1,0,0.0
1580,1,0,0.0
2921,1,0,0.0
3508,1,0,0.0
1812,1,0,0.0
2375,1,0,0.0
956,1,0,0.0
4392,1,0,0.0
555,1,0,0.0
3008,1,0,0.0
4334,1,0,0.0
2706,1,0,0.0
740,1,1,38.99
3773,1,0,0.0
2658,1,1,82.14
3618,1,0,0.0
2467,1,0,0.0
3063,1,1,67.29
2243,1,0,0.0
1727,1,0,0.0
42,1,0,0.0
3652,1,1,158.98
180,1,1,75.7
3196,1,0,0.0
3386,1,0,0.0
3947,1,1,176.32
2165,1,1,120.62
3261,1,0,0.0
778,1,1,53.67
1277,1,0,0.0
4309,1,0,0.0
3380,1,0,0.0
257,1,0,0.0
609,1,0,0.0
982,1,0,0.0
1240,1,0,0.0
1542,1,0,0.0
3474,1,0,0.0
2725,1,1,22.08
2189,1,1,68.61
2113,1,1,191.51
4337,1,1,222.12
3273,1,0,0.0
29,1,1,282.3
4530,1,0,0.0
122,1,0,0.0
2422,1,0,0.0
2297,1,0,0.0
3426,1,0,0.0
4959,1,1,34.22
3431,1,1,271.87
4310,1,0,0.0
3682,1,0,0.0
1322,1,0,0.0
417,1,1,78.49
3591,1,1,19.09
2331,1,0,0.0
4568,1,0,0.0
2496,1,1,168.63
4808,1,1,386.35
1395,1,0,0.0
4049,1,1,60.89
1648,1,0,0.0
1797,1,0,0.0
621,1,0,0.0
1980,1,1,87.49
3850,1,0,0.0
1424,1,0,0.0
1766,1,0,0.0
2452,1,0,0.0
1147,1,0,0.0
1095,1,0,0.0
4139,1,1,30.45
4179,1,0,0.0
433,1,0,0.0
3512,1,1,138.98
102,1,1,54.58
4981,1,1,176.57
444,1,1,143.71
4521,1,1,69.85
2091,1,1,55.92
3784,1,0,0.0
1304,1,1,121.36
3487,1,1,316.53
3356,1,0,0.0
3651,1,0,0.0
2413,1,1,301.72
2877,1,0,0.0
1952,1,1,43.44
76,1,0,0.0
4555,1,0,0.0
2146,1,0,0.0
3104,1,0,0.0
1970,1,1,112.76
1595,1,1,148.57
717,1,0,0.0
4700,1,1,83.86
1973,1,0,0.0
4735,1,0,0.0
2611,1,0,0.0
2095,1,1,58.75
506,1,0,0.0
3706,1,0,0.0
1011,1,0,0.0
1753,1,1,102.29
4153,1,0,0.0
1181,1,0,0.0
1080,1,0,0.0
536,1,1,114.94
3628,1,0,0.0
4443,1,1,71.32
4712,1,0,0.0
814,1,1,25.96
2257,1,0,0.0
2332,1,1,71.29
2236,1,0,0.0
4143,1,1,122.94
1151,1,1,112.12
4080,1,1,91.65
803,1,0,0.0
440,1,0,0.0
4473,1,1,21.46
2675,1,0,0.0
3151,1,1,179.55
2233,1,0,0.0
2076,1,0,0.0
2244,1,0,0.0
4870,1,1,48.36
1117,1,0,0.0
2843,1,1,174.43
4239,1,0,0.0
4356,1,1,36.49
2247,1,1,35.32
887,1,0,0.0
1969,1,1,161.49
1713,1,0,0.0
1965,1,0,0.0
4479,1,1,208.84
1638,1,0,0.0
3102,1,0,0.0
4904,1,1,254.13
103,1,0,0.0
833,1,1,40.97
4740,1,0,0.0
3167,1,1,117.13
2722,1,0,0.0
3929,1,1,40.96
1700,1,1,105.47
1817,1,0,0.0
1904,1,0,0.0
358,1,1,229.26
1894,1,0,0.0
3463,1,1,148.11
2037,1,1,173.1
3336,1,0,0.0
4272,1,1,61.17
883,1,0,0.0
3876,1,0,0.0
4271,1,0,0.0
4490,1,1,134.63
3949,1,1,215.1
1780,1,1,137.13
4682,1,0,0.0
963,1,1,138.03
2844,1,0,0.0
1162,1,0,0.0
3442,1,1,318.29
843,1,0,0.0
1349,1,1,58.38
3567,1,1,76.4
1063,1,0,0.0
210,1,0,0.0
3316,1,0,0.0
4486,1,0,0.0
3577,1,1,66.36
4177,1,1,55.12
3847,1,0,0.0
4251,1,0,0.0
2513,1,0,0.0
1584,1,1,72.53
1356,1,0,0.0
560,1,0,0.0
3333,1,1,194.92
456,1,0,0.0
3848,1,0,0.0
2473,1,1,203.52
4404,1,1,51.21
3724,1,0,0.0
3853,1,0,0.0
4791,1,1,141.21
2588,1,0,0.0
1378,1,0,0.0
4145,1,1,193.49
4999,1,1,171.43
2196,1,1,62.45
1703,1,0,0.0
2018,1,0,0.0
4258,1,1,36.57
2545,1,0,0.0
3052,1,0,0.0
1692,1,0,0.0
926,1,0,0.0
2863,1,0,0.0
1676,1,1,106.4
346,1,0,0.0
87,1,0,0.0
2655,1,1,19.43
3671,1,1,64.86
4785,1,0,0.0
3800,1,0,0.0
4957,1,0,0.0
3989,1,0,0.0
178,1,0,0.0
820,1,1,199.85
4129,1,0,0.0
576,1,0,0.0
1784,1,0,0.0
1831,1,1,67.1
4759,1,0,0.0
2642,1,1,103.71
2148,1,0,0.0
3630,1,0,0.0
900,1,1,78.79
3883,1,0,0.0
2798,1,1,31.87
3181,1,0,0.0
2633,1,1,115.27
188,1,0,0.0
3962,1,1,192.29
1815,1,0,0.0
3371,1,1,158.32
4122,1,1,307.16
4480,1,0,0.0
1689,1,0,0.0
2150,1,1,91.66
14,1,0,0.0
858,1,0,0.0
3892,1,0,0.0
2379,1,0,0.0
1652,1,0,0.0
3245,1,0,0.0
484,1,1,87.94
1161,1,0,0.0
3456,1,0,0.0
2817,1,0,0.0
90,1,0,0.0
3157,1,0,0.0
4254,1,0,0.0
653,1,0,0.0
2081,1,0,0.0
161,1,0,0.0
847,1,0,0.0
1480,1,1,30.35
2677,1,1,33.81
15,1,1,101.12
344,1,0,0.0
1278,1,1,160.59
335,1,1,38.84
3607,1,1,161.46
711,1,1,42.82
3041,1,1,5.02
4037,1,1,157.88
902,1,0,0.0
1843,1,0,0.0
4453,1,0,0.0
4758,1,0,0.0
3742,1,1,93.61
2602,1,1,218.02
371,1,0,0.0
2471,1,0,0.0
4346,1,1,325.23
4043,1,1,160.79
1961,1,0,0.0
1259,1,0,0.0
3418,1,0,0.0
2909,1,1,48.68
631,1,0,0.0
3103,1,0,0.0
4487,1,0,0.0
1982,1,0,0.0
1455,1,1,221.73
124,1,1,141.85
4421,1,0,0.0
2429,1,0,0.0
3866,1,1,130.71
1396,1,1,120.78
1120,1,0,0.0
2120,1,0,0.0
2391,1,1,69.94
912,1,1,81.85
3166,1,1,72.12
2314,1,0,0.0
2461,1,1,63.89
1760,1,0,0.0
727,1,1,160.94
4369,1,1,49.42
2125,1,0,0.0
44,1,0,0.0
1009,1,0,0.0
3001,1,1,168.46
50,1,1,17.2
2690,1,0,0.0
2777,1,0,0.0
2474,1,0,0.0
286,1,0,0.0
3815,1,1,108.68
190,1,1,103.05
3148,1,1,115.82
449,1,1,118.71
3938,1,1,137.64
4178,1,1,130.57
3015,1,1,133.31
4449,1,1,390.23
468,1,1,67.29
460,1,0,0.0
4132,1,0,0.0
2001,1,1,320.97
4834,1,1,63.35
1928,1,1,270.13
4733,1,1,77.6
4901,1,0,0.0
1364,1,0,0.0
682,1,1,172.52
4036,1,1,62.43
754,1,0,0.0
2064,1,1,318.26
2033,1,1,38.7
1754,1,1,40.2
77,1,1,165.19
2338,1,0,0.0
1885,1,0,0.0
4050,1,0,0.0
4925,1,0,0.0
4510,1,1,83.78
3363,1,0,0.0
4762,1,1,93.56
4966,1,0,0.0
3030,1,0,0.0
2036,1,0,0.0
2557,1,1,180.02
3235,1,1,365.24
2318,1,0,0.0
1752,1,1,213.72
2109,1,0,0.0
2705,1,1,244.81
792,1,0,0.0
3951,1,0,0.0
1914,1,0,0.0
2323,1,0,0.0
485,1,0,0.0
3075,1,1,66.08
4428,1,0,0.0
1886,1,0,0.0
1892,1,1,125.22
1064,1,0,0.0
3488,1,1,47.93
4595,1,0,0.0
4543,1,1,222.24
522,1,1,100.03
1160,1,1,99.61
2270,1,0,0.0
3943,1,0,0.0
919,1,1,204.48
1298,1,0,0.0
369,1,0,0.0
2367,1,0,0.0
3934,1,0,0.0
3497,1,0,0.0
3495,1,0,0.0
2684,1,0,0.0
45,1,1,85.35
1617,1,1,77.74
4339,1,1,61.78
4281,1,1,33.48
1042,1,0,0.0
2103,1,0,0.0
3614,1,0,0.0
184,1,0,0.0
2181,1,0,0.0
4722,1,1,185.24
2559,1,0,0.0
3980,1,0,0.0
3286,1,1,149.52
2267,1,0,0.0
3124,1,0,0.0
2237,1,1,267.44
1924,1,0,0.0
1379,1,0,0.0
1625,1,1,274.61
2019,1,1,169.88
4666,1,0,0.0
4812,1,0,0.0
3168,1,0,0.0
2438,1,0,0.0
1128,1,0,0.0
2134,1,0,0.0
3459,1,1,114.6
3609,1,1,70.11
4445,1,0,0.0
1358,1,1,71.7
885,1,1,120.75
3360,1,1,37.64
1393,1,1,85.47
2911,1,0,0.0
2672,1,0,0.0
4081,1,1,281.08
21,1,0,0.0
3295,1,0,0.0
2656,1,0,0.0
2724,1,1,50.17
1058,1,0,0.0
222,1,1,161.29
1269,1,1,25.0
2638,1,1,51.31
3760,1,0,0.0
2680,1,0,0.0
770,1,0,0.0
2978,1,0,0.0
11,1,0,0.0
1541,1,0,0.0
2763,1,0,0.0
106,1,1,32.91
2544,1,1,121.53
955,1,0,0.0
1199,1,1,70.15
2022,1,0,0.0
810,1,1,258.65
1177,1,1,53.32
97,1,1,32.15
2761,1,1,366.04
4374,1,0,0.0
3953,1,1,92.96
1495,1,1,51.59
3826,1,1,42.6
4238,1,1,126.12
4538,1,0,0.0
4232,1,0,0.0
4437,1,1,370.7
404,1,0,0.0
2470,1,1,315.65
3018,1,0,0.0
166,1,1,116.79
1473,1,0,0.0
2309,1,0,0.0
1979,1,0,0.0
1705,1,0,0.0
2456,1,0,0.0
932,1,0,0.0
3144,1,1,257.78
3957,1,0,0.0
3592,1,0,0.0
2790,1,1,138.87
3961,1,0,0.0
3061,1,0,0.0
4200,1,0,0.0
366,1,0,0.0
537,1,0,0.0
1030,1,1,86.34
268,1,0,0.0
2637,1,1,83.02
1908,1,0,0.0
2028,1,1,131.39
4504,1,1,142.24
149,1,1,239.4
2363,1,0,0.0
624,1,1,362.61
4409,1,0,0.0
4536,1,0,0.0
2348,1,1,112.89
490,1,0,0.0
1518,1,0,0.0
1742,1,1,80.49
2964,1,1,81.69
3202,1,1,146.52
2648,1,0,0.0
2455,1,0,0.0
168,1,1,23.98
3749,1,0,0.0
3550,1,0,0.0
3525,1,0,0.0
1845,1,0,0.0
244,1,0,0.0
3162,1,0,0.0
4293,1,1,59.41
3006,1,0,0.0
597,1,1,92.23
1233,1,0,0.0
1089,1,1,113.84
347,1,1,56.22
991,1,1,115.29
2211,1,1,98.84
1245,1,1,212.69
826,1,0,0.0
3201,1,0,0.0
2942,1,1,80.72
2453,1,0,0.0
4355,1,0,0.0
1833,1,1,201.93
4616,1,0,0.0
3023,1,0,0.0
4846,1,1,40.09
3856,1,1,175.82
3388,1,0,0.0
2040,1,1,665.81
3562,1,0,0.0
3837,1,1,102.92
3341,1,1,90.81
4596,1,0,0.0
4697,1,1,179.2
4688,1,1,38.14
2397,1,0,0.0
4550,1,0,0.0
2059,1,1,77.68
835,1,0,0.0
301,1,0,0.0
3117,1,0,0.0
3662,1,1,20.46
2002,1,0,0.0
4094,1,1,74.22
3427,1,0,0.0
1136,1,1,106.08
598,1,0,0.0
3367,1,1,42.22
3462,1,0,0.0
3764,1,0,0.0
48,1,1,158.08
612,1,1,30.3
4064,1,0,0.0
1526,1,0,0.0
1076,1,0,0.0
1504,1,0,0.0
1464,1,1,109.67
289,1,0,0.0
3365,1,0,0.0
2304,1,0,0.0
4699,1,1,40.88
2719,1,1,66.45
1670,1,1,124.64
4414,1,0,0.0
1170,1,0,0.0
3351,1,0,0.0
3026,1,0,0.0
1476,1,1,145.96
2831,1,0,0.0
3060,1,0,0.0
3381,1,0,0.0
4070,1,0,0.0
4866,1,1,65.78
4500,1,0,0.0
1408,1,0,0.0
3769,1,0,0.0
355,1,0,0.0
880,1,1,118.83
4508,1,0,0.0
4994,1,0,0.0
1709,1,1,66.88
2426,1,0,0.0
549,1,0,0.0
3964,1,0,0.0
680,1,1,86.95
4121,1,0,0.0
4629,1,1,244.08
1929,1,0,0.0
2774,1,1,121.43
1757,1,0,0.0
224,1,0,0.0
476,1,0,0.0
708,1,1,130.9
280,1,0,0.0
2682,1,1,252.07
804,1,0,0.0
1508,1,0,0.0
4594,1,1,76.08
248,1,1,127.88
192,1,0,0.0
4772,1,0,0.0
4569,1,0,0.0
1309,1,1,90.36
3599,1,0,0.0
4914,1,1,63.74
3910,1,0,0.0
2088,1,0,0.0
1778,1,1,76.92
2872,1,0,0.0
4425,1,1,94.33
4484,1,0,0.0
999,1,1,99.58
2038,1,0,0.0
2883,1,1,80.76
1283,1,1,123.25
2126,1,0,0.0
1090,1,1,50.92
2175,1,0,0.0
4107,1,1,273.56
2517,1,0,0.0
4357,1,0,0.0
3056,1,1,214.23
3539,1,0,0.0
961,1,0,0.0
3012,1,1,8.22
949,1,0,0.0
2153,1,0,0.0
4835,1,0,0.0
1000,1,1,78.25
1546,1,0,0.0
3482,1,1,293.87
1202,1,0,0.0
4362,1,0,0.0
3587,1,0,0.0
362,1,0,0.0
2667,1,1,67.36
3640,1,0,0.0
4234,1,0,0.0
608,1,1,114.61
2246,1,1,182.6
3067,1,0,0.0
2451,1,0,0.0
1189,1,0,0.0
861,1,1,167.86
712,1,1,72.74
71,1,0,0.0
3319,1,0,0.0
1041,1,0,0.0
3692,1,0,0.0
2408,1,0,0.0
1071,1,1,73.48
3009,1,1,91.7
493,1,1,28.86
3593,1,0,0.0
3767,1,1,34.56
3895,1,0,0.0
2858,1,1,95.0
3945,1,0,0.0
3584,1,0,0.0
3292,1,1,189.6
3893,1,1,13.25
95,1,1,10.39
4365,1,0,0.0
569,1,0,0.0
1434,1,1,107.08
3480,1,0,0.0
1811,1,1,112.78
454,1,0,0.0
4097,1,1,176.55
989,1,1,163.56
1875,1,0,0.0
3031,1,0,0.0
3794,1,0,0.0
4527,1,0,0.0
2829,1,0,0.0
4756,1,1,91.15
1314,1,1,80.11
2430,1,0,0.0
767,1,0,0.0
316,1,0,0.0
3324,1,0,0.0
1718,1,0,0.0
84,1,1,217.59
2800,1,0,0.0
3097,1,0,0.0
2781,1,0,0.0
604,1,0,0.0
1165,1,0,0.0
2912,1,1,17.36
3855,1,0,0.0
3698,1,0,0.0
2242,1,1,166.79
209,1,0,0.0
2394,1,0,0.0
2492,1,1,74.72
423,1,1,65.11
2300,1,1,109.9
3594,1,1,62.43
1326,1,1,168.81
370,1,1,131.91
4968,1,1,205.34
4170,1,0,0.0
3862,1,1,130.42
186,1,0,0.0
2961,1,0,0.0
790,1,0,0.0
1857,1,0,0.0
934,1,0,0.0
4558,1,1,83.33
3981,1,1,132.91
713,1,1,155.49
2603,1,0,0.0
426,1,0,0.0
3467,1,0,0.0
3298,1,0,0.0
2910,1,0,0.0
694,1,0,0.0
732,1,1,105.0
3529,1,1,71.28
296,1,0,0.0
3744,1,0,0.0
2431,1,1,118.14
4426,1,0,0.0
3227,1,0,0.0
3203,1,0,0.0
2056,1,0,0.0
2218,1,0,0.0
2154,1,0,0.0
1319,1,1,43.49
471,1,1,102.2
2412,1,0,0.0
4965,1,0,0.0
5000,1,0,0.0
2219,1,1,48.26
1261,1,0,0.0
3492,1,1,154.81
3430,1,1,122.96
3839,1,0,0.0
2696,1,1,97.31
2490,1,0,0.0
3453,1,0,0.0
2585,1,1,82.26
2362,1,1,131.73
3421,1,0,0.0
1447,1,1,30.37
422,1,0,0.0
4152,1,1,21.19
3496,1,0,0.0
2433,1,0,0.0
3665,1,0,0.0
330,1,0,0.0
4998,1,0,0.0
643,1,1,39.8
2694,1,1,103.46
3623,1,1,123.53
4,1,0,0.0
4871,1,0,0.0
3154,1,1,337.08
1510,1,1,230.71
2897,1,1,276.34
4463,1,0,0.0
1829,1,1,97.36
1846,1,0,0.0
1876,1,0,0.0
1226,1,1,116.86
1044,1,1,310.88
4876,1,1,298.03
3733,1,1,175.62
2822,1,0,0.0
282,1,0,0.0
434,1,1,180.53
1986,1,0,0.0
3313,1,1,84.65
4933,1,1,216.21
1800,1,1,181.16
1860,1,1,297.74
3719,1,0,0.0
3091,1,1,340.79
2866,1,1,195.96
4451,1,0,0.0
2000,1,0,0.0
2808,1,1,175.13
4519,1,0,0.0
4503,1,1,16.56
3643,1,1,62.37
685,1,0,0.0
2167,1,1,51.57
4763,1,0,0.0
4163,1,1,120.29
741,1,0,0.0
60,1,1,76.71
3930,1,1,21.15
2123,1,0,0.0
260,1,1,221.0
2441,1,1,157.9
4460,1,1,29.79
4857,1,0,0.0
3581,1,1,71.5
3185,1,1,51.88
571,1,0,0.0
65,1,0,0.0
596,1,1,153.45
3183,1,0,0.0
4961,1,0,0.0
1176,1,0,0.0
3693,1,1,235.43
4180,1,0,0.0
705,1,0,0.0
3359,1,0,0.0
4960,1,1,75.95
4273,1,0,0.0
4323,1,0,0.0
1810,1,0,0.0
1417,1,0,0.0
4621,1,1,44.92
779,1,0,0.0
128,1,0,0.0
1021,1,0,0.0
1369,1,0,0.0
2500,1,0,0.0
2812,1,0,0.0
4537,1,1,164.03
2427,1,1,148.46
4502,1,0,0.0
882,1,1,40.99
1373,1,0,0.0
2414,1,0,0.0
1544,1,1,100.37
2004,1,1,204.88
842,1,1,214.99
4964,1,0,0.0
1805,1,1,232.25
3440,1,0,0.0
141,1,0,0.0
514,1,1,113.56
4877,1,0,0.0
2928,1,0,0.0
1917,1,1,171.11
4315,1,1,190.8
1645,1,1,20.52
2966,1,1,124.63
2505,1,0,0.0
2834,1,1,68.88
2992,1,1,58.2
2624,1,1,64.34
4467,1,0,0.0
4304,1,1,59.18
2482,1,1,170.26
4634,1,1,107.21
264,1,0,0.0
4533,1,0,0.0
1094,1,1,109.4
665,1,1,66.42
1944,1,1,83.67
2039,1,1,29.07
906,1,0,0.0
3968,1,0,0.0
3849,1,0,0.0
1622,1,1,99.6
4098,1,0,0.0
2717,1,0,0.0
287,1,1,94.47
3180,1,0,0.0
3841,1,0,0.0
3905,1,1,176.83
4881,1,0,0.0
2701,1,1,99.02
2669,1,0,0.0
2691,1,0,0.0
198,1,0,0.0
3600,1,0,0.0
2913,1,0,0.0
1380,1,1,79.23
1582,1,0,0.0
203,1,1,41.65
2483,1,1,91.94
519,1,0,0.0
2820,1,1,153.06
2595,1,0,0.0
2532,1,0,0.0
4380,1,0,0.0
4601,1,1,437.43
3683,1,1,313.15
4343,1,0,0.0
1775,1,1,81.25
4800,1,1,196.77
802,1,1,144.4
174,1,0,0.0
4353,1,0,0.0
2562,1,1,69.49
1059,1,1,109.0
3708,1,0,0.0
1119,1,1,157.68
2495,1,0,0.0
3844,1,0,0.0
1755,1,0,0.0
1616,1,0,0.0
2050,1,1,256.11
4298,1,0,0.0
325,1,1,100.75
3283,1,0,0.0
714,1,1,16.56
337,1,1,155.91
115,1,0,0.0
4761,1,0,0.0
523,1,1,45.08
1726,1,0,0.0
3897,1,1,58.8
3608,1,1,104.46
2269,1,0,0.0
1644,1,0,0.0
3673,1,0,0.0
483,1,1,33.34
151,1,0,0.0
406,1,0,0.0
618,1,0,0.0
3737,1,0,0.0
3605,1,0,0.0
4928,1,0,0.0
387,1,1,64.17
2986,1,0,0.0
2262,1,0,0.0
1759,1,0,0.0
1895,1,1,142.31
2533,1,0,0.0
1888,1,0,0.0
4943,1,0,0.0
4454,1,0,0.0
270,1,1,53.08
1053,1,0,0.0
2378,1,1,115.83
4419,1,1,96.41
1174,1,0,0.0
4294,1,1,76.67
2668,1,1,209.56
2679,1,1,87.73
154,1,1,196.49
30,1,1,141.25
3340,1,0,0.0
1463,1,1,157.54
3912,1,0,0.0
3204,1,0,0.0
4924,1,1,73.05
4709,1,0,0.0
2281,1,1,290.52
1764,1,1,98.2
4433,1,0,0.0
1126,1,0,0.0
1333,1,1,487.67
3548,1,1,60.89
2463,1,0,0.0
3190,1,1,121.39
2030,1,1,83.63
2192,1,0,0.0
1025,1,0,0.0
1115,1,0,0.0
488,1,1,183.84
2848,1,0,0.0
353,1,1,24.41
1661,1,1,69.35
8,1,1,105.2
1851,1,0,0.0
2328,1,0,0.0
3802,1,1,165.81
1770,1,1,481.94
3978,1,1,39.99
3127,1,0,0.0
204,1,1,87.23
775,1,0,0.0
1599,1,0,0.0
3096,1,0,0.0
1316,1,0,0.0
2020,1,1,61.33
6,1,0,0.0
1723,1,0,0.0
4381,1,0,0.0
4518,1,1,256.25
602,1,1,245.8
3392,1,0,0.0
4974,1,1,198.38
1512,1,0,0.0
1315,1,0,0.0
3582,1,1,48.82
436,1,1,88.75
4896,1,1,68.25
3062,1,1,222.93
4112,1,1,108.11
3843,1,0,0.0
3370,1,0,0.0
227,1,1,134.32
302,1,1,186.58
3046,1,1,51.4
2524,1,1,49.78
4367,1,0,0.0
4864,1,0,0.0
2214,1,0,0.0
824,1,1,115.38
3276,1,0,0.0
3610,1,1,388.57
1264,1,0,0.0
3425,1,1,191.68
4945,1,1,83.92
2771,1,0,0.0
2277,1,1,135.73
676,1,1,41.12
1197,1,1,97.73
1141,1,1,173.15
658,1,1,295.11
3252,1,0,0.0
320,1,0,0.0
3033,1,0,0.0
1529,1,0,0.0
167,1,1,63.59
2880,1,1,183.1
922,1,0,0.0
3439,1,0,0.0
187,1,0,0.0
1540,1,0,0.0
2221,1,0,0.0
575,1,1,97.96
4228,1,1,21.67
4450,1,0,0.0
4489,1,0,0.0
3310,1,0,0.0
4079,1,0,0.0
3205,1,0,0.0
3253,1,0,0.0
3353,1,0,0.0
1636,1,1,54.28
3906,1,1,55.85
2021,1,0,0.0
3997,1,0,0.0
2652,1,1,73.27
4075,1,0,0.0
2499,1,1,105.15
1997,1,1,134.09
3256,1,1,107.67
1070,1,0,0.0
4725,1,1,369.88
1967,1,0,0.0
19,1,1,7.46
360,1,1,171.95
3260,1,1,28.02
3612,1,0,0.0
4978,1,0,0.0
2799,1,0,0.0
4783,1,0,0.0
2509,1,0,0.0
1023,1,1,52.95
2151,1,0,0.0
625,1,1,48.88
4429,1,1,132.47
1107,1,0,0.0
866,1,0,0.0
1466,1,1,64.96
4647,1,0,0.0
4843,1,1,89.23
4678,1,0,0.0
642,1,1,268.12
89,1,0,0.0
3531,1,0,0.0
3069,1,0,0.0
2377,1,0,0.0
757,1,1,51.01
1175,1,1,160.17
2324,1,1,168.15
3867,1,0,0.0
776,1,0,0.0
1365,1,0,0.0
183,1,0,0.0
2934,1,0,0.0
4307,1,1,188.25
881,1,0,0.0
4468,1,0,0.0
3435,1,0,0.0
1179,1,1,106.5
2177,1,0,0.0
2634,1,1,83.17
3271,1,0,0.0
1279,1,0,0.0
1881,1,0,0.0
3265,1,1,89.21
945,1,1,43.01
2,1,1,230.66
1608,1,1,118.32
2388,1,1,113.32
1392,1,1,78.07
1410,1,0,0.0
2586,1,0,0.0
2754,1,1,119.31
4840,1,1,111.32
338,1,0,0.0
1687,1,1,127.04
1404,1,0,0.0
176,1,0,0.0
1679,1,0,0.0
2759,1,0,0.0
2662,1,0,0.0
31,1,0,0.0
3994,1,1,44.85
2782,1,1,135.03
4564,1,1,134.9
2649,1,0,0.0
1032,1,1,67.32
3566,1,0,0.0
1288,1,1,157.5
2617,1,1,183.59
1416,1,0,0.0
1156,1,1,33.93
4482,1,1,100.44
1211,1,1,19.62
622,1,0,0.0
177,1,1,121.9
1353,1,0,0.0
1658,1,1,256.51
164,1,0,0.0
1762,1,0,0.0
2169,1,0,0.0
1437,1,0,0.0
1511,1,0,0.0
2924,1,1,65.36
2919,1,0,0.0
3899,1,0,0.0
1130,1,0,0.0
1878,1,0,0.0
3115,1,1,303.24
3966,1,1,179.96
2867,1,0,0.0
1482,1,0,0.0
2758,1,0,0.0
4929,1,0,0.0
4058,1,1,160.68
591,1,1,150.39
3412,1,0,0.0
3071,1,0,0.0
2392,1,1,41.24
2365,1,1,120.83
3808,1,1,37.08
4836,1,0,0.0
1523,1,0,0.0
853,1,0,0.0
599,1,1,226.21
2252,1,0,0.0
1360,1,1,135.56
2217,1,0,0.0
927,1,0,0.0
2737,1,1,82.03
1253,1,1,48.93
4863,1,1,66.64
1660,1,0,0.0
4566,1,0,0.0
3342,1,0,0.0
3932,1,1,104.43
2764,1,0,0.0
3169,1,0,0.0
4523,1,1,116.94
497,1,0,0.0
2766,1,0,0.0
3178,1,0,0.0
3471,1,0,0.0
4141,1,0,0.0
1751,1,0,0.0
1716,1,1,189.52
786,1,1,185.94
3323,1,0,0.0
4813,1,1,71.61
907,1,0,0.0
4972,1,1,60.29
863,1,0,0.0
2743,1,0,0.0
4316,1,1,118.12
4690,1,0,0.0
1359,1,0,0.0
893,1,1,84.43
3797,1,0,0.0
763,1,1,249.1
4185,1,0,0.0
2783,1,1,240.59
213,1,0,0.0
1325,1,0,0.0
1708,1,0,0.0
2329,1,0,0.0
2044,1,0,0.0
854,1,0,0.0
1131,1,0,0.0
2370,1,0,0.0
2687,1,0,0.0
2641,1,0,0.0
3817,1,1,124.02
4934,1,1,119.86
3109,1,0,0.0
4223,1,1,107.6
1073,1,0,0.0
2298,1,1,354.19
960,1,1,278.85
693,1,0,0.0
4442,1,0,0.0
319,1,1,25.35
797,1,0,0.0
1215,1,0,0.0
171,1,1,182.89
3121,1,1,108.05
375,1,0,0.0
3913,1,0,0.0
1988,1,0,0.0
2720,1,1,80.9
535,1,1,49.8
2289,1,1,134.51
3927,1,0,0.0
2337,1,0,0.0
527,1,0,0.0
2828,1,0,0.0
3113,1,1,77.69
3358,1,0,0.0
4215,1,1,53.96
1836,1,0,0.0
1104,1,0,0.0
1289,1,0,0.0
654,1,1,84.96
2666,1,1,74.83
475,1,0,0.0
3674,1,1,149.07
4422,1,1,210.84
262,1,0,0.0
4618,1,1,98.61
1539,1,0,0.0
1868,1,0,0.0
478,1,1,1.78
459,1,0,0.0
1740,1,0,0.0
1397,1,1,74.06
4205,1,1,71.36
994,1,1,139.86
2952,1,0,0.0
290,1,0,0.0
796,1,0,0.0
4222,1,1,133.64
4872,1,1,120.62
1724,1,1,436.19
2823,1,1,8.75
4038,1,0,0.0
3378,1,1,50.03
4597,1,0,0.0
1172,1,0,0.0
2265,1,0,0.0
4815,1,0,0.0
3874,1,1,248.85
2128,1,0,0.0
1828,1,1,422.1
237,1,0,0.0
3976,1,0,0.0
1418,1,1,53.89
603,1,1,112.44
639,1,0,0.0
3080,1,0,0.0
1376,1,1,79.75
3936,1,1,55.73
3661,1,1,203.58
2832,1,0,0.0
4331,1,0,0.0
3933,1,0,0.0
4628,1,1,189.32
3768,1,1,273.6
1955,1,0,0.0
695,1,1,139.03
2873,1,0,0.0
1452,1,1,167.18
2861,1,0,0.0
2953,1,1,98.03
3368,1,1,46.84
2336,1,0,0.0
4497,1,1,71.43
3688,1,0,0.0
3606,1,1,281.02
3007,1,1,64.94
4989,1,1,135.67
1975,1,0,0.0
2882,1,0,0.0
68,1,1,125.35
3823,1,1,44.55
185,1,0,0.0
2048,1,1,136.38
1666,1,0,0.0
3376,1,1,194.07
1835,1,1,172.58
3366,1,1,119.44
4915,1,1,61.15
587,1,0,0.0
2939,1,0,0.0
958,1,1,20.05
4427,1,1,237.0
3141,1,0,0.0
3455,1,0,0.0
425,1,1,179.55
4332,1,0,0.0
4944,1,1,34.55
1667,1,0,0.0
3731,1,1,328.33
3385,1,0,0.0
1112,1,1,178.93
3520,1,1,103.8
3632,1,0,0.0
554,1,1,131.56
4466,1,0,0.0
4669,1,1,298.59
3666,1,0,0.0
137,1,0,0.0
3394,1,1,113.08
1506,1,0,0.0
4522,1,0,0.0
3870,1,0,0.0
807,1,0,0.0
548,1,1,11.74
2187,1,1,115.61
532,1,1,114.54
1516,1,0,0.0
3352,1,0,0.0
1822,1,1,17.19
3972,1,0,0.0
4576,1,1,171.18
1984,1,1,56.84
2351,1,0,0.0
2245,1,0,0.0
4862,1,1,118.43
1436,1,1,219.18
777,1,0,0.0
2792,1,1,217.53
2308,1,1,145.56
4243,1,1,77.67
3083,1,0,0.0
1313,1,0,0.0
4461,1,1,31.66
4770,1,0,0.0
179,1,0,0.0
3534,1,0,0.0
2093,1,0,0.0
646,1,0,0.0
2931,1,1,96.48
1020,1,1,54.41
2083,1,1,32.17
1303,1,1,39.55
743,1,1,156.17
2885,1,0,0.0
3785,1,1,199.04
38,1,0,0.0
3879,1,0,0.0
4617,1,0,0.0
3680,1,1,234.08
4517,1,0,0.0
4190,1,1,287.33
1749,1,1,53.21
1440,1,1,34.34
455,1,0,0.0
860,1,1,83.77
1295,1,0,0.0
1097,1,1,184.96
4376,1,0,0.0
2342,1,1,110.67
4441,1,1,77.02
1901,1,1,83.72
2046,1,1,134.27
2914,1,0,0.0
182,1,0,0.0
2475,1,1,90.44
4265,1,1,121.6
3241,1,0,0.0
2797,1,0,0.0
2841,1,1,84.71
3225,1,0,0.0
155,1,0,0.0
1468,1,0,0.0
1367,1,0,0.0
1913,1,1,128.26
217,1,0,0.0
2623,1,0,0.0
1146,1,0,0.0
3334,1,1,280.41
4340,1,0,0.0
4790,1,1,178.53
1263,1,1,110.51
4861,1,1,114.88
2789,1,0,0.0
3650,1,1,152.08
600,1,0,0.0
4958,1,0,0.0
1344,1,0,0.0
3993,1,0,0.0
1075,1,0,0.0
4360,1,0,0.0
1484,1,1,108.99
517,1,0,0.0
4093,1,0,0.0
1950,1,0,0.0
655,1,0,0.0
4446,1,0,0.0
1206,1,1,189.67
935,1,0,0.0
3122,1,0,0.0
2145,1,1,80.4
2987,1,1,195.27
3215,1,0,0.0
1520,1,1,162.89
1589,1,0,0.0
4115,1,0,0.0
377,1,0,0.0
4371,1,0,0.0
4730,1,0,0.0
2284,1,0,0.0
1280,1,1,270.62
4366,1,1,53.61
4823,1,1,116.04
336,1,0,0.0
4732,1,0,0.0
104,1,0,0.0
2568,1,0,0.0
1340,1,1,148.12
271,1,1,145.23
4290,1,0,0.0
153,1,1,55.71
1680,1,0,0.0
1222,1,0,0.0
1384,1,0,0.0
4162,1,0,0.0
3279,1,0,0.0
1134,1,1,168.52
2723,1,0,0.0
4257,1,0,0.0
1854,1,0,0.0
200,1,0,0.0
610,1,0,0.0
4227,1,0,0.0
1205,1,0,0.0
3658,1,1,47.64
4195,1,0,0.0
1092,1,0,0.0
1601,1,0,0.0
2944,1,0,0.0
3523,1,1,136.7
383,1,0,0.0
1317,1,0,0.0
3093,1,0,0.0
2718,1,0,0.0
2504,1,0,0.0
2984,1,0,0.0
1492,1,0,0.0
1040,1,1,29.18
1774,1,0,0.0
4954,1,0,0.0
3399,1,0,0.0
3161,1,1,194.45
4349,1,0,0.0
2286,1,1,102.5
1164,1,0,0.0
4689,1,0,0.0
4123,1,0,0.0
2130,1,1,136.92
1893,1,1,130.04
3318,1,1,71.61
1785,1,0,0.0
1079,1,0,0.0
3502,1,0,0.0
3450,1,0,0.0
2574,1,0,0.0
3010,1,1,102.88
781,1,1,153.81
1069,1,1,174.72
2419,1,0,0.0
2518,1,0,0.0
4390,1,1,123.63
4920,1,1,65.01
3772,1,0,0.0
2251,1,1,122.34
2825,1,0,0.0
2616,1,0,0.0
4652,1,1,111.77
125,1,1,102.21
4807,1,0,0.0
276,1,0,0.0
2916,1,1,128.29
1475,1,0,0.0
2386,1,0,0.0
1200,1,0,0.0
1168,1,1,138.87
4342,1,0,0.0
1801,1,1,153.71
3515,1,1,119.17
3829,1,0,0.0
4582,1,0,0.0
648,1,1,111.19
1668,1,1,163.84
2172,1,0,0.0
2122,1,0,0.0
3511,1,1,73.88
2185,1,1,93.98
2258,1,1,130.6
2540,1,1,202.66
3995,1,0,0.0
1266,1,0,0.0
2399,1,0,0.0
3248,1,0,0.0
2521,1,1,166.35
702,1,1,195.93
2228,1,1,89.9
3011,1,0,0.0
4220,1,1,122.67
515,1,1,136.87
2554,1,0,0.0
2750,1,0,0.0
4970,1,1,101.6
511,1,0,0.0
1701,1,0,0.0
936,1,1,204.27
1186,1,1,239.79
4000,1,1,43.85
1706,1,1,50.58
1688,1,0,0.0
913,1,1,174.68
2310,1,0,0.0
3375,1,1,116.28
533,1,1,208.73
1193,1,1,247.88
2096,1,1,205.02
1224,1,1,157.77
2794,1,1,68.79
3975,1,1,82.34
3624,1,0,0.0
1010,1,1,48.94
4076,1,1,116.39
2947,1,0,0.0
3483,1,0,0.0
3902,1,1,93.42
2294,1,1,85.44
1578,1,1,83.4
3414,1,0,0.0
1777,1,0,0.0
2553,1,0,0.0
851,1,1,82.78
3244,1,1,60.15
3739,1,1,48.12
368,1,1,63.57
3928,1,1,62.33
573,1,1,64.07
4124,1,0,0.0
1637,1,1,117.69
3407,1,0,0.0
4971,1,0,0.0
291,1,0,0.0
1048,1,1,174.22
2129,1,1,133.69
28,1,0,0.0
4184,1,0,0.0
295,1,1,186.38
905,1,1,61.72
3476,1,1,57.1
75,1,0,0.0
2182,1,0,0.0
4856,1,1,122.74
3818,1,0,0.0
542,1,0,0.0
442,1,1,32.63
1861,1,0,0.0
4031,1,1,156.15
2709,1,1,99.67
1426,1,0,0.0
3900,1,0,0.0
1462,1,0,0.0
4068,1,0,0.0
2102,1,1,33.82
4878,1,0,0.0
1942,1,0,0.0
3563,1,0,0.0
3631,1,0,0.0
1864,1,0,0.0
3035,1,1,142.19
2736,1,0,0.0
3690,1,1,99.17
492,1,1,185.8
1696,1,0,0.0
3858,1,1,80.38
57,1,1,111.65
1919,1,1,129.5
4680,1,0,0.0
411,1,0,0.0
3645,1,0,0.0
1693,1,0,0.0
1257,1,1,161.13
3578,1,0,0.0
1841,1,1,181.16
3147,1,0,0.0
1650,1,0,0.0
2908,1,1,126.23
940,1,1,208.71
1052,1,0,0.0
308,1,0,0.0
1823,1,0,0.0
4459,1,0,0.0
1334,1,0,0.0
2612,1,0,0.0
1255,1,0,0.0
26,1,0,0.0
3538,1,1,50.89
3014,1,1,42.8
1848,1,0,0.0
2055,1,0,0.0
4956,1,0,0.0
2184,1,1,96.93
4743,1,0,0.0
202,1,1,88.73
107,1,1,103.68
3598,1,0,0.0
2998,1,1,86.18
2734,1,1,38.18
1386,1,0,0.0
394,1,0,0.0
361,1,0,0.0
3894,1,0,0.0
4165,1,1,103.72
1125,1,1,13.32
2516,1,0,0.0
3146,1,1,26.25
1435,1,1,114.01
2199,1,0,0.0
4282,1,1,106.97
1234,1,0,0.0
4565,1,0,0.0
329,1,0,0.0
2498,1,0,0.0
3296,1,1,149.12
378,1,0,0.0
16,1,0,0.0
1210,1,0,0.0
4472,1,0,0.0
4216,1,0,0.0
1714,1,0,0.0
675,1,0,0.0
2118,1,0,0.0
4975,1,1,277.9
1962,1,0,0.0
3990,1,0,0.0
557,1,1,109.67
314,1,1,155.6
4765,1,1,77.33
4983,1,1,32.21
4435,1,0,0.0
4641,1,0,0.0
2903,1,1,219.4
2023,1,0,0.0
2793,1,0,0.0
4125,1,1,53.65
1858,1,0,0.0
550,1,1,153.35
2702,1,0,0.0
640,1,1,52.56
3242,1,1,101.22
3775,1,1,21.81
1221,1,0,0.0
500,1,1,45.85
4280,1,0,0.0
239,1,0,0.0
4942,1,1,54.17
616,1,1,506.35
67,1,0,0.0
2361,1,0,0.0
1292,1,1,276.87
700,1,0,0.0
55,1,1,131.88
2494,1,1,44.06
3860,1,0,0.0
357,1,1,202.82
4899,1,0,0.0
1081,1,0,0.0
3627,1,1,213.59
543,1,0,0.0
4169,1,1,101.54
3747,1,0,0.0
2630,1,0,0.0
266,1,0,0.0
3824,1,0,0.0
2353,1,0,0.0
4817,1,1,101.2
3589,1,0,0.0
1187,1,1,27.11
657,1,0,0.0
4225,1,0,0.0
4577,1,0,0.0
3580,1,0,0.0
3182,1,1,67.11
3132,1,1,89.01
2325,1,1,53.14
3969,1,0,0.0
1514,1,0,0.0
1057,1,0,0.0
1769,1,1,121.13
3942,1,0,0.0
4324,1,1,91.19
3089,1,0,0.0
4507,1,1,65.74
3519,1,1,73.24
1054,1,0,0.0
2339,1,1,285.25
1655,1,0,0.0
2899,1,0,0.0
512,1,0,0.0
808,1,1,247.6
4303,1,1,25.58
1150,1,0,0.0
1859,1,1,65.19
2454,1,1,145.65
4002,1,0,0.0
326,1,1,101.26
1002,1,0,0.0
3233,1,0,0.0
3625,1,0,0.0
1958,1,0,0.0
3396,1,1,44.52
480,1,0,0.0
341,1,1,231.6
4024,1,1,284.74
4372,1,0,0.0
1581,1,0,0.0
2886,1,0,0.0
3290,1,0,0.0
987,1,1,111.74
2307,1,0,0.0
2644,1,1,124.85
3238,1,0,0.0
3946,1,0,0.0
716,1,0,0.0
3301,1,0,0.0
2949,1,0,0.0
3099,1,0,0.0
463,1,1,136.67
1293,1,0,0.0
1618,1,0,0.0
3757,1,0,0.0
3675,1,0,0.0
1108,1,1,250.76
3926,1,0,0.0
2334,1,0,0.0
1603,1,1,202.85
2745,1,0,0.0
2366,1,0,0.0
4440,1,1,21.39
4612,1,0,0.0
2548,1,0,0.0
2073,1,1,93.69
556,1,0,0.0
2170,1,0,0.0
2282,1,0,0.0
1260,1,0,0.0
1173,1,0,0.0
3956,1,0,0.0
1628,1,0,0.0
2213,1,0,0.0
4046,1,0,0.0
1047,1,1,33.8
4295,1,0,0.0
2132,1,0,0.0
2857,1,1,265.59
4439,1,0,0.0
4471,1,0,0.0
1414,1,1,13.65
980,1,0,0.0
1946,1,0,0.0
4890,1,0,0.0
2147,1,0,0.0
4684,1,1,73.82
855,1,0,0.0
3533,1,0,0.0
524,1,1,25.1
2268,1,0,0.0
2698,1,1,27.13
3881,1,0,0.0
1808,1,0,0.0
2343,1,0,0.0
718,1,0,0.0
2735,1,0,0.0
1758,1,0,0.0
3988,1,1,161.67
2665,1,1,70.92
1923,1,0,0.0
2162,1,1,509.52
4600,1,1,180.62
669,1,1,58.27
1883,1,1,245.38
3090,1,1,157.75
432,1,0,0.0
3100,1,1,171.13
3017,1,0,0.0
2280,1,0,0.0
530,1,1,373.55
4432,1,0,0.0
508,1,0,0.0
4034,1,0,0.0
538,1,0,0.0
2382,1,0,0.0
2915,1,0,0.0
3068,1,1,102.1
4199,1,0,0.0
3263,1,0,0.0
245,1,0,0.0
1363,1,0,0.0
386,1,1,155.95
4816,1,1,184.95
2650,1,0,0.0
2528,1,1,26.9
2775,1,1,178.04
3787,1,0,0.0
1451,1,0,0.0
4995,1,1,28.1
3348,1,0,0.0
4399,1,0,0.0
592,1,0,0.0
1142,1,0,0.0
3186,1,1,24.89
4921,1,1,43.27
3420,1,1,151.24
3307,1,0,0.0
232,1,0,0.0
351,1,0,0.0
4755,1,1,53.13
3158,1,1,275.56
4780,1,1,57.97
443,1,0,0.0
4911,1,0,0.0
4015,1,1,148.59
964,1,0,0.0
965,1,1,170.74
725,1,1,271.68
1299,1,0,0.0
2034,1,0,0.0
1557,1,1,206.95
1715,1,1,39.69
4893,1,0,0.0
1677,1,1,33.32
4642,1,0,0.0
1803,1,0,0.0
4241,1,0,0.0
1335,1,0,0.0
2607,1,0,0.0
3364,1,1,47.44
2752,1,0,0.0
1563,1,0,0.0
156,1,0,0.0
703,1,1,247.71
3070,1,1,141.41
2963,1,1,179.88
1155,1,1,282.23
1853,1,1,156.96
1390,1,0,0.0
2273,1,1,117.8
750,1,0,0.0
2851,1,0,0.0
1741,1,0,0.0
4611,1,0,0.0
4775,1,0,0.0
1771,1,1,21.12
4377,1,0,0.0
817,1,0,0.0
3677,1,0,0.0
2600,1,1,144.3
4620,1,0,0.0
1614,1,0,0.0
2322,1,0,0.0
3119,1,0,0.0
2231,1,0,0.0
2621,1,0,0.0
2981,1,1,140.65
4832,1,1,174.09
3163,1,1,206.21
4589,1,0,0.0
1806,1,0,0.0
2171,1,1,94.48
4749,1,0,0.0
4186,1,1,117.98
2497,1,0,0.0
2520,1,1,100.59
4040,1,0,0.0
431,1,0,0.0
2444,1,0,0.0
33,1,0,0.0
469,1,1,235.14
2230,1,0,0.0
4062,1,0,0.0
1889,1,0,0.0
3676,1,1,304.44
2152,1,1,95.54
772,1,0,0.0
4237,1,1,144.28
4475,1,0,0.0
3810,1,0,0.0
207,1,0,0.0
1818,1,1,91.26
1653,1,0,0.0
4670,1,1,96.07
4859,1,1,78.68
3545,1,0,0.0
4277,1,1,155.7
1793,1,1,30.55
699,1,1,65.21
644,1,0,0.0
1225,1,1,97.02
3222,1,1,162.98
784,1,1,159.19
1621,1,1,193.63
666,1,0,0.0
3730,1,0,0.0
715,1,0,0.0
2491,1,0,0.0
384,1,0,0.0
3175,1,1,26.74
2809,1,1,180.18
2846,1,1,156.11
34,1,0,0.0
4731,1,0,0.0
3437,1,0,0.0
3648,1,0,0.0
49,1,1,177.62
4560,1,1,93.19
2290,1,1,119.71
3880,1,1,141.58
2054,1,0,0.0
3343,1,0,0.0
509,1,1,63.65
2958,1,0,0.0
2234,1,0,0.0
1457,1,0,0.0
372,1,0,0.0
4060,1,0,0.0
3116,1,1,192.42
4609,1,0,0.0
4054,1,1,69.71
1327,1,0,0.0
2918,1,0,0.0
1976,1,1,66.04
3134,1,0,0.0
1866,1,0,0.0
1102,1,1,52.13
3130,1,0,0.0
1273,1,0,0.0
1218,1,1,67.85
219,1,1,126.57
2481,1,1,147.82
968,1,1,248.05
1966,1,0,0.0
1201,1,0,0.0
806,1,1,164.65
96,1,1,85.25
2158,1,1,85.26
3751,1,1,192.33
3149,1,1,61.62
1720,1,0,0.0
4394,1,0,0.0
2555,1,1,166.75
364,1,1,142.69
3811,1,1,58.79
4888,1,1,40.57
2035,1,0,0.0
4321,1,1,80.34
4907,1,1,209.26
2487,1,1,80.42
278,1,0,0.0
831,1,0,0.0
4452,1,0,0.0
1465,1,0,0.0
263,1,0,0.0
1216,1,0,0.0
4289,1,0,0.0
2476,1,0,0.0
1906,1,1,88.96
2303,1,0,0.0
1587,1,1,69.74
3232,1,0,0.0
2933,1,0,0.0
2683,1,0,0.0
4760,1,0,0.0
348,1,0,0.0
3572,1,0,0.0
2671,0,0,0.0
3621,0,0,0.0
2313,0,1,43.82
793,0,1,330.67
859,0,0,0.0
4753,0,0,0.0
3868,0,0,0.0
892,0,0,0.0
1285,0,0,0.0
894,0,0,0.0
2099,0,0,0.0
4513,0,0,0.0
3494,0,1,93.89
2974,0,1,126.52
4627,0,0,0.0
1196,0,0,0.0
1445,0,0,0.0
1902,0,1,91.68
3066,0,1,201.79
4013,0,0,0.0
32,0,1,64.8
2168,0,0,0.0
1717,0,1,159.92
4116,0,0,0.0
4114,0,0,0.0
4827,0,0,0.0
921,0,1,77.62
254,0,0,0.0
105,0,1,97.79
1262,0,0,0.0
3979,0,1,42.71
3700,0,1,208.63
2486,0,0,0.0
805,0,0,0.0
313,0,0,0.0
1443,0,0,0.0
2142,0,0,0.0
3722,0,0,0.0
2804,0,0,0.0
4681,0,1,129.31
3726,0,0,0.0
2301,0,0,0.0
2727,0,0,0.0
1896,0,0,0.0
474,0,1,215.48
3963,0,0,0.0
140,0,0,0.0
1798,0,0,0.0
2320,0,0,0.0
1282,0,0,0.0
110,0,0,0.0
3996,0,0,0.0
470,0,0,0.0
1329,0,0,0.0
1552,0,0,0.0
914,0,0,0.0
3361,0,0,0.0
2396,0,0,0.0
4100,0,0,0.0
1015,0,0,0.0
4196,0,0,0.0
4335,0,0,0.0
3685,0,0,0.0
3832,0,0,0.0
4865,0,1,81.01
4056,0,0,0.0
2198,0,0,0.0
647,0,0,0.0
1592,0,1,221.88
4683,0,0,0.0
2510,0,0,0.0
4563,0,0,0.0
504,0,0,0.0
2436,0,0,0.0
2590,0,0,0.0
3838,0,0,0.0
4284,0,0,0.0
3721,0,1,63.04
157,0,1,235.49
4187,0,0,0.0
3300,0,0,0.0
1046,0,1,59.51
728,0,0,0.0
1401,0,1,118.27
568,0,1,149.36
3960,0,0,0.0
4191,0,1,248.62
1178,0,0,0.0
3027,0,1,32.57
93,0,1,58.87
4718,0,0,0.0
3395,0,0,0.0
986,0,0,0.0
1467,0,1,89.97
2069,0,1,96.54
3131,0,0,0.0
2087,0,0,0.0
2869,0,1,118.06
4604,0,1,145.9
4754,0,1,145.78
3782,0,0,0.0
1332,0,0,0.0
3575,0,0,0.0
3611,0,0,0.0
4483,0,0,0.0
2254,0,0,0.0
1307,0,0,0.0
2457,0,0,0.0
3446,0,1,58.63
1324,0,0,0.0
299,0,0,0.0
4063,0,1,113.07
390,0,0,0.0
1647,0,0,0.0
3503,0,0,0.0
2005,0,1,55.12
2319,0,1,144.66
3569,0,0,0.0
3728,0,1,175.03
82,0,0,0.0
1388,0,0,0.0
518,0,1,199.59
701,0,0,0.0
3401,0,1,168.8
4206,0,0,0.0
1496,0,1,95.57
3530,0,0,0.0
1235,0,1,36.07
3073,0,0,0.0
4984,0,0,0.0
601,0,1,139.61
3176,0,1,146.06
4908,0,0,0.0
1305,0,0,0.0
2149,0,1,27.62
1600,0,0,0.0
4010,0,1,155.21
2420,0,0,0.0
2155,0,0,0.0
3904,0,0,0.0
4033,0,0,0.0
789,0,0,0.0
3732,0,0,0.0
539,0,0,0.0
1033,0,0,0.0
2564,0,0,0.0
2714,0,1,310.59
4932,0,0,0.0
2547,0,0,0.0
129,0,1,219.06
827,0,1,182.61
3258,0,0,0.0
559,0,0,0.0
1964,0,0,0.0
4167,0,0,0.0
4830,0,1,119.36
43,0,1,133.36
1789,0,0,0.0
2344,0,1,76.66
3289,0,0,0.0
709,0,1,142.46
1428,0,0,0.0
3192,0,0,0.0
2628,0,1,153.53
2503,0,0,0.0
4255,0,0,0.0
2347,0,1,146.47
4719,0,1,108.63
1732,0,0,0.0
1995,0,0,0.0
629,0,0,0.0
448,0,1,224.63
2610,0,1,223.7
3620,0,1,72.93
1118,0,0,0.0
2296,0,1,163.49
4276,0,0,0.0
1366,0,0,0.0
1208,0,0,0.0
3803,0,1,153.94
2581,0,0,0.0
4685,0,0,0.0
482,0,0,0.0
4212,0,0,0.0
3074,0,0,0.0
526,0,0,0.0
1229,0,1,73.2
1930,0,1,239.55
1062,0,0,0.0
2341,0,0,0.0
3907,0,1,42.35
901,0,0,0.0
284,0,0,0.0
1405,0,1,420.58
4788,0,0,0.0
1153,0,0,0.0
4474,0,1,44.55
2608,0,0,0.0
2969,0,1,236.06
4240,0,0,0.0
441,0,0,0.0
2460,0,1,291.92
2941,0,1,53.51
3583,0,0,0.0
3555,0,0,0.0
1192,0,0,0.0
3406,0,0,0.0
1926,0,0,0.0
1035,0,0,0.0
3481,0,0,0.0
584,0,0,0.0
1918,0,0,0.0
4953,0,0,0.0
1704,0,1,95.2
1597,0,1,84.82
3948,0,0,0.0
4900,0,1,24.05
3255,0,1,41.9
1056,0,1,148.26
1536,0,0,0.0
1139,0,0,0.0
4855,0,0,0.0
4708,0,1,109.02
2835,0,0,0.0
3172,0,0,0.0
215,0,0,0.0
3781,0,0,0.0
2385,0,0,0.0
3326,0,0,0.0
4951,0,0,0.0
1945,0,1,101.15
2136,0,0,0.0
3712,0,1,305.67
4674,0,1,80.86
2012,0,1,143.53
582,0,0,0.0
2751,0,1,36.2
2053,0,1,111.83
1016,0,0,0.0
2627,0,0,0.0
2299,0,1,82.97
976,0,0,0.0
201,0,0,0.0
3087,0,0,0.0
1339,0,0,0.0
3687,0,0,0.0
1113,0,0,0.0
4988,0,0,0.0
3836,0,0,0.0
3977,0,0,0.0
181,0,1,91.47
3268,0,0,0.0
3854,0,0,0.0
3967,0,1,118.52
4104,0,0,0.0
4919,0,0,0.0
4364,0,0,0.0
1711,0,0,0.0
1750,0,0,0.0
1140,0,0,0.0
1318,0,0,0.0
3604,0,0,0.0
1084,0,0,0.0
228,0,0,0.0
1483,0,0,0.0
832,0,1,149.52
1427,0,0,0.0
4661,0,0,0.0
3799,0,1,169.11
393,0,0,0.0
2929,0,0,0.0
472,0,1,24.47
3940,0,0,0.0
2923,0,1,75.19
2729,0,0,0.0
1813,0,1,120.04
1671,0,0,0.0
52,0,0,0.0
160,0,0,0.0
4515,0,0,0.0
2027,0,0,0.0
17,0,0,0.0
2511,0,0,0.0
3377,0,1,70.44
1943,0,1,53.52
2726,0,0,0.0
3383,0,0,0.0
1871,0,0,0.0
1006,0,1,182.85
4287,0,0,0.0
1251,0,0,0.0
4794,0,0,0.0
4247,0,0,0.0
1228,0,0,0.0
673,0,0,0.0
1501,0,0,0.0
3391,0,1,42.21
3549,0,0,0.0
1456,0,1,77.36
3076,0,0,0.0
3254,0,0,0.0
589,0,0,0.0
3950,0,0,0.0
1968,0,1,30.03
4559,0,1,123.76
4158,0,0,0.0
2787,0,1,157.09
4160,0,1,101.81
1598,0,0,0.0
4664,0,0,0.0
2860,0,0,0.0
1243,0,0,0.0
111,0,0,0.0
4938,0,0,0.0
2259,0,1,124.91
3447,0,1,62.75
4066,0,0,0.0
938,0,0,0.0
2349,0,0,0.0
661,0,0,0.0
3554,0,0,0.0
4108,0,0,0.0
4128,0,1,20.33
487,0,0,0.0
683,0,0,0.0
233,0,1,118.78
1394,0,0,0.0
3088,0,0,0.0
2707,0,1,163.27
199,0,1,206.1
3668,0,1,189.27
3916,0,1,155.14
4838,0,1,240.57
3526,0,1,194.65
4833,0,0,0.0
1500,0,0,0.0
4140,0,0,0.0
3871,0,0,0.0
3720,0,0,0.0
1537,0,0,0.0
3417,0,1,96.16
3564,0,0,0.0
4389,0,0,0.0
4930,0,0,0.0
1657,0,0,0.0
4386,0,0,0.0
4544,0,0,0.0
3002,0,0,0.0
4781,0,0,0.0
3120,0,0,0.0
2573,0,0,0.0
3264,0,0,0.0
2640,0,1,101.17
2159,0,0,0.0
4631,0,1,77.01
1485,0,1,284.38
169,0,0,0.0
3655,0,0,0.0
218,0,0,0.0
4217,0,0,0.0
4991,0,1,195.84
3051,0,0,0.0
2572,0,1,156.68
3197,0,1,30.81
3108,0,1,168.79
1659,0,0,0.0
1448,0,1,90.67
1039,0,0,0.0
4822,0,0,0.0
3647,0,1,48.63
101,0,0,0.0
2852,0,0,0.0
1719,0,1,45.72
3571,0,0,0.0
51,0,0,0.0
706,0,1,163.04
2550,0,0,0.0
311,0,0,0.0
4814,0,0,0.0
2295,0,0,0.0
1320,0,0,0.0
1249,0,0,0.0
4014,0,0,0.0
2977,0,1,207.37
2424,0,0,0.0
4741,0,1,205.94
1441,0,0,0.0
1583,0,0,0.0
1623,0,0,0.0
2026,0,1,141.07
768,0,0,0.0
4561,0,0,0.0
3005,0,1,231.19
2124,0,1,186.51
4246,0,0,0.0
829,0,0,0.0
4229,0,0,0.0
100,0,0,0.0
4278,0,1,123.42
3763,0,0,0.0
1699,0,1,167.33
4771,0,1,282.59
3217,0,1,140.06
3402,0,0,0.0
4574,0,1,150.41
4626,0,1,64.56
1524,0,0,0.0
473,0,0,0.0
1903,0,0,0.0
4635,0,0,0.0
943,0,0,0.0
277,0,0,0.0
1503,0,0,0.0
3513,0,1,74.01
2519,0,0,0.0
1231,0,0,0.0
1884,0,0,0.0
1551,0,0,0.0
2898,0,0,0.0
565,0,1,336.39
3214,0,1,53.53
3223,0,1,269.57
2140,0,0,0.0
2135,0,0,0.0
1990,0,0,0.0
747,0,1,68.57
4720,0,0,0.0
4256,0,0,0.0
4067,0,0,0.0
733,0,0,0.0
4950,0,0,0.0
2355,0,0,0.0
3741,0,0,0.0
2896,0,0,0.0
3935,0,0,0.0
2011,0,0,0.0
269,0,0,0.0
614,0,0,0.0
3269,0,1,48.92
4391,0,0,0.0
674,0,0,0.0
2459,0,0,0.0
2272,0,0,0.0
4388,0,0,0.0
704,0,0,0.0
3941,0,0,0.0
35,0,1,80.41
1890,0,1,10.69
4151,0,1,55.31
3451,0,1,109.2
1347,0,0,0.0
3349,0,0,0.0
978,0,0,0.0
3684,0,0,0.0
2801,0,1,65.05
671,0,1,65.68
2507,0,1,53.71
1691,0,0,0.0
3072,0,0,0.0
4039,0,0,0.0
3423,0,0,0.0
966,0,0,0.0
4675,0,1,259.83
1203,0,1,69.34
3644,0,0,0.0
170,0,0,0.0
872,0,0,0.0
951,0,0,0.0
4406,0,1,54.13
1568,0,0,0.0
3416,0,0,0.0
491,0,0,0.0
3042,0,0,0.0
3389,0,0,0.0
2730,0,0,0.0
4269,0,1,74.01
3303,0,0,0.0
816,0,1,136.16
632,0,0,0.0
4137,0,0,0.0
3193,0,1,52.47
1409,0,0,0.0
2442,0,0,0.0
4283,0,0,0.0
2570,0,0,0.0
2209,0,1,15.92
4476,0,0,0.0
4259,0,0,0.0
2673,0,0,0.0
4423,0,0,0.0
2824,0,0,0.0
2695,0,1,131.34
3274,0,0,0.0
2119,0,0,0.0
4245,0,0,0.0
2930,0,1,157.51
4874,0,0,0.0
3216,0,0,0.0
819,0,0,0.0
85,0,0,0.0
4717,0,1,157.16
2226,0,1,48.36
4022,0,1,128.53
3209,0,0,0.0
4493,0,1,148.84
3920,0,0,0.0
3486,0,1,207.06
4673,0,1,141.78
840,0,1,196.46
4793,0,1,229.95
771,0,1,274.56
3208,0,1,195.86
3646,0,0,0.0
2894,0,1,142.4
4397,0,1,142.42
2827,0,1,107.44
3107,0,0,0.0
3112,0,0,0.0
4297,0,0,0.0
1268,0,0,0.0
954,0,0,0.0
409,0,0,0.0
662,0,1,302.5
2014,0,0,0.0
4403,0,0,0.0
3851,0,0,0.0
229,0,0,0.0
3765,0,0,0.0
3877,0,0,0.0
3738,0,0,0.0
4250,0,0,0.0
865,0,0,0.0
3065,0,0,0.0
2731,0,0,0.0
1830,0,0,0.0
668,0,0,0.0
1596,0,0,0.0
850,0,1,152.61
4201,0,0,0.0
547,0,1,42.89
1135,0,1,136.34
3638,0,0,0.0
617,0,1,264.91
1078,0,0,0.0
4109,0,0,0.0
4821,0,0,0.0
305,0,0,0.0
2522,0,1,71.04
3473,0,0,0.0
4615,0,0,0.0
502,0,0,0.0
971,0,0,0.0
2943,0,0,0.0
3152,0,1,99.34
318,0,0,0.0
496,0,0,0.0
1166,0,0,0.0
628,0,1,99.62
2345,0,0,0.0
4045,0,1,45.58
918,0,0,0.0
4142,0,1,181.03
3633,0,1,113.45
4696,0,0,0.0
3490,0,1,70.38
2973,0,1,320.77
636,0,0,0.0
868,0,1,49.45
461,0,0,0.0
1695,0,1,35.6
3541,0,0,0.0
3325,0,1,175.84
3884,0,1,303.1
435,0,1,153.77
2807,0,0,0.0
2051,0,0,0.0
4845,0,0,0.0
615,0,0,0.0
1385,0,0,0.0
4922,0,1,112.72
638,0,0,0.0
3472,0,0,0.0
240,0,0,0.0
1024,0,1,96.13
3259,0,0,0.0
2651,0,0,0.0
389,0,0,0.0
1790,0,0,0.0
1870,0,1,95.44
681,0,0,0.0
2802,0,1,137.42
4035,0,0,0.0
4997,0,0,0.0
4902,0,1,128.01
1560,0,1,100.13
1281,0,0,0.0
1765,0,0,0.0
1731,0,0,0.0
2178,0,0,0.0
376,0,0,0.0
4792,0,1,74.64
1746,0,1,123.16
4209,0,0,0.0
773,0,0,0.0
2927,0,0,0.0
4662,0,1,114.04
1916,0,0,0.0
1446,0,1,145.97
520,0,0,0.0
2842,0,1,80.74
2488,0,1,192.81
1419,0,1,294.63
1663,0,0,0.0
1912,0,1,132.62
24,0,0,0.0
3833,0,0,0.0
1100,0,0,0.0
1736,0,1,20.13
1310,0,0,0.0
64,0,0,0.0
3466,0,0,0.0
4575,0,0,0.0
3199,0,0,0.0
2305,0,0,0.0
3734,0,0,0.0
948,0,0,0.0
4734,0,0,0.0
3469,0,1,136.78
959,0,0,0.0
1786,0,0,0.0
1458,0,0,0.0
1569,0,0,0.0
4008,0,0,0.0
1527,0,0,0.0
2542,0,0,0.0
3766,0,0,0.0
3596,0,0,0.0
1972,0,1,77.72
2183,0,0,0.0
4274,0,0,0.0
1219,0,1,70.35
1291,0,0,0.0
4095,0,0,0.0
37,0,0,0.0
3398,0,0,0.0
3125,0,1,24.53
3249,0,0,0.0
2195,0,0,0.0
4585,0,1,135.85
1856,0,0,0.0
1882,0,0,0.0
759,0,0,0.0
1502,0,1,137.77
4572,0,1,46.5
428,0,1,117.73
159,0,0,0.0
4903,0,0,0.0
3865,0,1,56.26
3171,0,0,0.0
3251,0,0,0.0
3237,0,0,0.0
197,0,0,0.0
241,0,1,76.62
458,0,1,54.74
1517,0,0,0.0
1037,0,0,0.0
3441,0,1,85.93
2411,0,1,432.58
1826,0,0,0.0
2614,0,1,39.55
139,0,0,0.0
3306,0,0,0.0
1348,0,0,0.0
3327,0,1,85.18
1844,0,1,33.77
3243,0,0,0.0
4524,0,1,190.47
7,0,1,19.46
869,0,0,0.0
3312,0,0,0.0
481,0,0,0.0
917,0,0,0.0
275,0,1,86.83
92,0,0,0.0
1144,0,0,0.0
4586,0,0,0.0
3740,0,0,0.0
1981,0,0,0.0
3142,0,0,0.0
2110,0,0,0.0
1068,0,0,0.0
1956,0,0,0.0
2387,0,1,35.21
4573,0,0,0.0
3224,0,0,0.0
1453,0,0,0.0
2746,0,1,56.79
2372,0,0,0.0
2569,0,1,97.47
3457,0,1,202.92
2094,0,0,0.0
9,0,0,0.0
1996,0,1,68.04
2407,0,1,119.2
1686,0,0,0.0
2589,0,0,0.0
148,0,0,0.0
1590,0,1,21.9
4923,0,0,0.0
4716,0,0,0.0
4742,0,1,213.97
4192,0,0,0.0
146,0,0,0.0
4695,0,1,92.43
13,0,0,0.0
909,0,0,0.0
3695,0,0,0.0
1217,0,1,35.38
2878,0,0,0.0
1321,0,0,0.0
3211,0,0,0.0
3657,0,0,0.0
2747,0,1,67.27
4837,0,0,0.0
4941,0,0,0.0
2058,0,0,0.0
4744,0,0,0.0
679,0,0,0.0
3037,0,0,0.0
838,0,0,0.0
1887,0,0,0.0
2955,0,0,0.0
4650,0,0,0.0
1423,0,0,0.0
3156,0,0,0.0
1533,0,0,0.0
1127,0,1,177.23
3493,0,0,0.0
3036,0,0,0.0
4385,0,0,0.0
2089,0,0,0.0
1791,0,0,0.0
981,0,0,0.0
4059,0,1,70.05
503,0,1,141.46
3762,0,1,85.38
307,0,0,0.0
3827,0,0,0.0
834,0,0,0.0
333,0,1,325.55
3725,0,1,44.21
98,0,0,0.0
1842,0,1,73.41
731,0,0,0.0
2364,0,1,43.55
3834,0,0,0.0
1148,0,0,0.0
225,0,1,203.1
1383,0,0,0.0
2360,0,0,0.0
1377,0,0,0.0
4714,0,0,0.0
529,0,1,92.28
3667,0,1,159.52
4224,0,0,0.0
3029,0,1,60.38
2676,0,1,12.08
3535,0,0,0.0
1873,0,1,8.92
2563,0,1,81.6
4004,0,0,0.0
4175,0,1,94.84
2862,0,1,73.82
3458,0,0,0.0
962,0,1,43.4
4809,0,0,0.0
2061,0,1,86.44
4602,0,1,82.14
1558,0,1,45.03
1792,0,1,109.29
4398,0,0,0.0
1001,0,1,222.25
748,0,1,136.71
1827,0,0,0.0
3736,0,1,212.63
3795,0,0,0.0
619,0,1,87.03
396,0,1,58.74
2643,0,0,0.0
2887,0,1,61.36
3830,0,0,0.0
3393,0,1,87.39
915,0,0,0.0
3207,0,0,0.0
4918,0,0,0.0
4801,0,1,122.11
3939,0,0,0.0
2017,0,1,121.71
3309,0,1,89.26
2439,0,1,232.85
2112,0,0,0.0
4029,0,0,0.0
3678,0,0,0.0
686,0,0,0.0
1674,0,0,0.0
4235,0,1,317.01
395,0,1,68.08
1085,0,0,0.0
4605,0,0,0.0
2768,0,0,0.0
3140,0,0,0.0
3619,0,0,0.0
4208,0,0,0.0
1782,0,0,0.0
2660,0,0,0.0
1065,0,1,178.04
79,0,1,117.02
2400,0,1,118.75
878,0,1,34.08
317,0,0,0.0
752,0,1,35.93
427,0,0,0.0
2063,0,0,0.0
4410,0,0,0.0
2990,0,1,153.91
1606,0,0,0.0
4847,0,1,304.58
3299,0,0,0.0
4202,0,0,0.0
1382,0,1,128.06
3923,0,1,100.0
4096,0,0,0.0
281,0,0,0.0
1402,0,0,0.0
2049,0,0,0.0
2816,0,1,24.91
4210,0,0,0.0
1953,0,1,336.47
4657,0,0,0.0
294,0,0,0.0
1494,0,0,0.0
1190,0,0,0.0
996,0,0,0.0
2536,0,1,98.26
507,0,0,0.0
3801,0,0,0.0
2626,0,0,0.0
2932,0,0,0.0
1656,0,1,55.74
528,0,0,0.0
4373,0,0,0.0
2239,0,0,0.0
1003,0,0,0.0
1879,0,1,65.07
3266,0,0,0.0
4048,0,0,0.0
4917,0,0,0.0
2283,0,1,110.42
877,0,0,0.0
2584,0,0,0.0
135,0,0,0.0
1252,0,1,97.73
4660,0,0,0.0
2139,0,0,0.0
2404,0,0,0.0
3669,0,0,0.0
649,0,0,0.0
1430,0,1,32.02
4852,0,1,68.44
1547,0,1,92.76
2062,0,1,92.1
2937,0,0,0.0
1611,0,0,0.0
126,0,0,0.0
18,0,0,0.0
2995,0,0,0.0
1415,0,0,0.0
3429,0,0,0.0
3918,0,0,0.0
2609,0,0,0.0
3294,0,1,17.1
4135,0,0,0.0
401,0,0,0.0
2795,0,0,0.0
2814,0,1,93.14
1083,0,0,0.0
4501,0,0,0.0
1729,0,1,140.91
273,0,0,0.0
127,0,0,0.0
3518,0,1,168.39
54,0,0,0.0
904,0,1,258.09
4531,0,0,0.0
2201,0,1,155.91
3445,0,0,0.0
3188,0,0,0.0
2567,0,1,355.67
4937,0,0,0.0
2435,0,0,0.0
1682,0,1,72.99
1004,0,1,138.3
4074,0,0,0.0
4006,0,0,0.0
2111,0,1,24.82
749,0,1,184.77
2840,0,0,0.0
1272,0,0,0.0
2108,0,0,0.0
4883,0,0,0.0
3339,0,0,0.0
1702,0,0,0.0
1747,0,1,209.31
4485,0,0,0.0
3998,0,0,0.0
2788,0,0,0.0
4019,0,0,0.0
1788,0,0,0.0
2748,0,0,0.0
3221,0,1,217.62
2838,0,1,144.65
1346,0,0,0.0
367,0,0,0.0
1998,0,1,104.58
4824,0,0,0.0
972,0,1,239.06
1185,0,0,0.0
479,0,0,0.0
208,0,1,49.07
1167,0,1,87.27
1182,0,1,109.79
3179,0,1,21.07
2527,0,0,0.0
4887,0,1,167.37
3659,0,0,0.0
3813,0,0,0.0
2543,0,0,0.0
1991,0,0,0.0
3355,0,1,281.78
3924,0,0,0.0
1571,0,1,185.61
403,0,0,0.0
342,0,0,0.0
3404,0,0,0.0
3454,0,0,0.0
3173,0,1,287.58
466,0,0,0.0
1548,0,0,0.0
4288,0,1,30.86
340,0,1,141.02
1158,0,1,174.48
998,0,1,247.67
3123,0,1,157.23
413,0,0,0.0
1612,0,0,0.0
4065,0,0,0.0
3039,0,1,7.1
916,0,0,0.0
1406,0,1,58.41
4757,0,0,0.0
4161,0,0,0.0
2428,0,0,0.0
2983,0,0,0.0
2086,0,0,0.0
3436,0,0,0.0
2779,0,0,0.0
2052,0,0,0.0
2164,0,0,0.0
3770,0,1,296.45
4383,0,0,0.0
890,0,0,0.0
130,0,0,0.0
4898,0,0,0.0
4927,0,0,0.0
3915,0,0,0.0
3239,0,0,0.0
3636,0,0,0.0
1602,0,0,0.0
2993,0,0,0.0
3475,0,1,163.14
4659,0,1,423.25
4001,0,0,0.0
3783,0,0,0.0
1074,0,1,18.03
729,0,0,0.0
4701,0,0,0.0
4710,0,1,274.23
1124,0,0,0.0
2770,0,0,0.0
3882,0,0,0.0
1905,0,0,0.0
3873,0,0,0.0
745,0,0,0.0
2689,0,0,0.0
1194,0,0,0.0
2335,0,0,0.0
1509,0,1,102.15
1207,0,0,0.0
3118,0,0,0.0
3410,0,0,0.0
4204,0,0,0.0
3586,0,1,134.04
2710,0,0,0.0
1505,0,1,100.85
123,0,1,86.07
3590,0,0,0.0
255,0,1,240.2
659,0,1,142.42
4828,0,1,86.66
3780,0,0,0.0
650,0,0,0.0
637,0,0,0.0
4818,0,0,0.0
1849,0,1,97.92
3043,0,0,0.0
256,0,0,0.0
4308,0,0,0.0
2688,0,0,0.0
499,0,0,0.0
510,0,0,0.0
1489,0,1,73.76
4011,0,1,64.25
2115,0,1,154.79
4640,0,0,0.0
2405,0,1,127.31
2526,0,1,38.03
2376,0,0,0.0
1528,0,0,0.0
2810,0,1,59.02
2137,0,0,0.0
1159,0,0,0.0
4986,0,0,0.0
2032,0,0,0.0
2508,0,0,0.0
108,0,0,0.0
2596,0,1,72.59
4236,0,1,75.01
1728,0,0,0.0
1570,0,0,0.0
2985,0,0,0.0
760,0,0,0.0
4402,0,0,0.0
91,0,0,0.0
886,0,0,0.0
2468,0,0,0.0
1898,0,1,50.51
3369,0,1,64.82
812,0,1,322.86
867,0,0,0.0
4551,0,1,199.5
4570,0,0,0.0
3588,0,1,110.77
2203,0,0,0.0
1431,0,1,38.05
2359,0,0,0.0
4166,0,0,0.0
2749,0,0,0.0
2403,0,0,0.0
626,0,1,193.01
1522,0,0,0.0
2107,0,0,0.0
1971,0,0,0.0
2659,0,0,0.0
4078,0,1,137.2
4547,0,0,0.0
494,0,0,0.0
1821,0,0,0.0
3220,0,0,0.0
2549,0,1,241.27
2776,0,1,211.49
3195,0,1,197.15
3999,0,0,0.0
923,0,0,0.0
4327,0,1,75.58
4967,0,0,0.0
226,0,1,176.33
2227,0,0,0.0
3085,0,0,0.0
1439,0,0,0.0
3468,0,0,0.0
567,0,1,241.23
391,0,0,0.0
1531,0,0,0.0
3551,0,0,0.0
1768,0,1,112.53
3653,0,0,0.0
2317,0,1,99.93
1748,0,0,0.0
2464,0,0,0.0
724,0,0,0.0
4301,0,0,0.0
247,0,0,0.0
3477,0,0,0.0
4248,0,0,0.0
418,0,1,119.06
343,0,0,0.0
3921,0,1,148.72
4987,0,0,0.0
4639,0,0,0.0
4613,0,0,0.0
1634,0,0,0.0
2260,0,0,0.0
794,0,1,197.66
2287,0,0,0.0
4279,0,0,0.0
995,0,0,0.0
214,0,1,43.02
2784,0,1,36.22
1274,0,1,232.11
2818,0,1,172.2
230,0,1,44.25
3159,0,1,154.41
2434,0,0,0.0
2333,0,1,95.06
2416,0,0,0.0
3501,0,0,0.0
1098,0,1,48.47
2067,0,1,38.42
2864,0,0,0.0
4806,0,0,0.0
3705,0,1,229.98
3560,0,1,160.83
3246,0,0,0.0
937,0,1,41.0
152,0,0,0.0
4306,0,0,0.0
1839,0,0,0.0
1031,0,1,179.15
2558,0,0,0.0
2531,0,0,0.0
2288,0,0,0.0
1662,0,0,0.0
4747,0,0,0.0
3302,0,0,0.0
4946,0,1,156.92
1247,0,0,0.0
3812,0,1,54.95
1641,0,0,0.0
4726,0,0,0.0
2876,0,1,28.75
570,0,0,0.0
1534,0,0,0.0
3649,0,0,0.0
2989,0,1,211.2
1459,0,1,32.98
975,0,1,239.23
4213,0,1,413.32
2380,0,0,0.0
2997,0,1,65.7
1554,0,1,43.69
1911,0,1,105.6
3952,0,1,81.56
158,0,1,168.16
884,0,0,0.0
3840,0,0,0.0
4221,0,1,33.03
3774,0,1,89.09
2968,0,0,0.0
1370,0,0,0.0
645,0,0,0.0
990,0,0,0.0
2593,0,0,0.0
2697,0,0,0.0
984,0,1,219.53
4556,0,0,0.0
2057,0,0,0.0
837,0,0,0.0
2663,0,0,0.0
4069,0,1,21.5
4415,0,0,0.0
2029,0,0,0.0
4326,0,0,0.0
3449,0,1,141.66
1212,0,1,103.72
4017,0,1,72.5
249,0,0,0.0
191,0,0,0.0
742,0,1,68.0
3561,0,0,0.0
1799,0,0,0.0
1336,0,0,0.0
782,0,1,52.31
4711,0,0,0.0
1101,0,0,0.0
4088,0,1,39.06
1018,0,0,0.0
2884,0,1,98.32
641,0,0,0.0
3806,0,1,185.63
2406,0,0,0.0
697,0,0,0.0
419,0,1,98.41
25,0,0,0.0
3723,0,0,0.0
4370,0,1,179.7
2060,0,1,48.13
4105,0,1,169.79
844,0,0,0.0
722,0,0,0.0
2791,0,0,0.0
327,0,1,193.03
99,0,1,52.93
3210,0,1,350.26
3791,0,0,0.0
324,0,0,0.0
561,0,0,0.0
2988,0,1,157.73
3909,0,0,0.0
3689,0,0,0.0
798,0,1,38.78
2409,0,0,0.0
1345,0,0,0.0
438,0,1,28.05
585,0,0,0.0
3025,0,0,0.0
165,0,0,0.0
4751,0,1,117.0
3691,0,0,0.0
1553,0,0,0.0
3615,0,0,0.0
352,0,0,0.0
1530,0,0,0.0
3044,0,0,0.0
4534,0,1,203.23
2753,0,1,55.03
4393,0,0,0.0
3710,0,0,0.0
4041,0,0,0.0
429,0,0,0.0
4387,0,1,168.49
633,0,0,0.0
1470,0,0,0.0
4567,0,0,0.0
4591,0,0,0.0
1937,0,0,0.0
3491,0,0,0.0
1649,0,1,106.69
3362,0,1,110.67
1093,0,0,0.0
4028,0,1,31.56
979,0,0,0.0
848,0,0,0.0
374,0,0,0.0
3484,0,0,0.0
1935,0,1,95.84
4805,0,0,0.0
751,0,0,0.0
1461,0,1,103.01
3153,0,1,176.95
2625,0,0,0.0
3664,0,1,70.01
541,0,0,0.0
4842,0,1,147.65
4869,0,0,0.0
1284,0,0,0.0
2606,0,0,0.0
4134,0,0,0.0
3908,0,0,0.0
1214,0,0,0.0
2805,0,0,0.0
3226,0,0,0.0
3079,0,0,0.0
1999,0,0,0.0
1665,0,0,0.0
1498,0,1,264.85
1223,0,1,60.81
2631,0,0,0.0
736,0,0,0.0
3777,0,1,58.3
23,0,1,312.45
4776,0,1,108.7
2173,0,0,0.0
3748,0,0,0.0
689,0,0,0.0
1350,0,0,0.0
1899,0,1,68.96
739,0,0,0.0
2693,0,0,0.0
1545,0,0,0.0
4219,0,1,73.4
3779,0,0,0.0
3875,0,0,0.0
3379,0,1,152.12
3983,0,0,0.0
2821,0,0,0.0
4839,0,0,0.0
3315,0,0,0.0
1241,0,1,23.39
2493,0,0,0.0
1067,0,0,0.0
2893,0,0,0.0
3559,0,0,0.0
3660,0,0,0.0
3543,0,0,0.0
1927,0,0,0.0
3126,0,0,0.0
63,0,1,50.84
4154,0,0,0.0
2994,0,1,89.42
4649,0,0,0.0
513,0,0,0.0
3869,0,0,0.0
2535,0,0,0.0
12,0,0,0.0
4525,0,1,100.1
407,0,1,193.07
1138,0,0,0.0
3111,0,0,0.0
2077,0,0,0.0
400,0,1,34.41
3330,0,0,0.0
3891,0,0,0.0
2769,0,0,0.0
1722,0,0,0.0
3752,0,1,21.55
1250,0,0,0.0
2106,0,0,0.0
1877,0,0,0.0
3790,0,0,0.0
430,0,1,252.62
1838,0,0,0.0
4157,0,0,0.0
323,0,0,0.0
2601,0,1,162.6
4111,0,0,0.0
2369,0,1,38.09
1804,0,0,0.0
3332,0,1,38.96
3004,0,1,235.4
813,0,0,0.0
1909,0,0,0.0
4606,0,0,0.0
3218,0,0,0.0
2620,0,1,78.21
3452,0,0,0.0
2449,0,0,0.0
4786,0,0,0.0
2206,0,1,84.86
3776,0,0,0.0
2991,0,0,0.0
925,0,0,0.0
1577,0,1,39.0
350,0,0,0.0
764,0,0,0.0
660,0,0,0.0
119,0,0,0.0
88,0,0,0.0
4587,0,1,119.58
4352,0,0,0.0
131,0,1,146.07
2582,0,0,0.0
2340,0,1,259.01
4083,0,0,0.0
993,0,0,0.0
3317,0,1,136.3
4867,0,0,0.0
4748,0,0,0.0
1669,0,0,0.0
2271,0,1,76.88
897,0,0,0.0
594,0,0,0.0
3285,0,1,21.45
4174,0,0,0.0
3521,0,1,148.54
755,0,1,333.11
2191,0,0,0.0
2358,0,1,299.81
267,0,1,64.16
310,0,0,0.0
876,0,0,0.0
1725,0,0,0.0
4514,0,0,0.0
498,0,1,90.38
3759,0,1,24.87
947,0,0,0.0
2440,0,0,0.0
385,0,1,369.09
452,0,0,0.0
2327,0,1,87.37
3500,0,1,88.8
4325,0,1,222.14
4350,0,0,0.0
2117,0,1,65.54
1454,0,0,0.0
1643,0,1,194.83
2006,0,1,96.93
3247,0,0,0.0
1296,0,0,0.0
3128,0,1,70.34
211,0,0,0.0
3579,0,0,0.0
4851,0,0,0.0
1772,0,1,165.59
2950,0,1,139.74
4030,0,0,0.0
4936,0,0,0.0
2980,0,0,0.0
2948,0,0,0.0
4198,0,0,0.0
4007,0,0,0.0
2902,0,1,158.15
4723,0,1,185.73
3138,0,1,71.41
2917,0,1,146.85
3105,0,0,0.0
3189,0,0,0.0
3374,0,0,0.0
3820,0,1,37.01
3516,0,0,0.0
3626,0,1,203.69
1103,0,0,0.0
4541,0,1,45.83
3825,0,0,0.0
4082,0,0,0.0
4636,0,1,193.88
4333,0,0,0.0
4766,0,1,61.63
1837,0,0,0.0
1948,0,0,0.0
2160,0,0,0.0
3160,0,0,0.0
3057,0,0,0.0
113,0,1,21.58
4072,0,1,184.32
3707,0,0,0.0
1276,0,1,90.22
144,0,1,47.66
4091,0,0,0.0
2700,0,1,59.16
80,0,0,0.0
4181,0,0,0.0
46,0,0,0.0
4693,0,1,298.17
1538,0,0,0.0
4819,0,0,0.0
3984,0,0,0.0
765,0,0,0.0
1481,0,1,135.22
3424,0,1,130.47
1559,0,0,0.0
4412,0,0,0.0
3713,0,1,54.67
4311,0,1,65.65
2402,0,1,104.66
4478,0,0,0.0
1099,0,0,0.0
4633,0,1,144.33
392,0,1,327.27
3443,0,0,0.0
3711,0,1,171.75
4416,0,0,0.0
133,0,0,0.0
3585,0,0,0.0
4854,0,0,0.0
3954,0,0,0.0
216,0,0,0.0
4084,0,0,0.0
4089,0,0,0.0
3047,0,0,0.0
3078,0,0,0.0
3746,0,0,0.0
841,0,0,0.0
4598,0,1,78.37
3373,0,0,0.0
1357,0,0,0.0
4746,0,0,0.0
4729,0,0,0.0
40,0,0,0.0
3155,0,0,0.0
2523,0,0,0.0
4623,0,0,0.0
3821,0,0,0.0
4579,0,0,0.0
4622,0,1,211.86
2579,0,1,59.21
4242,0,0,0.0
656,0,0,0.0
2024,0,0,0.0
379,0,0,0.0
992,0,0,0.0
2744,0,1,117.62
3540,0,0,0.0
4992,0,0,0.0
3413,0,0,0.0
635,0,0,0.0
328,0,0,0.0
3958,0,0,0.0
2713,0,0,0.0
3231,0,0,0.0
3656,0,0,0.0
730,0,0,0.0
4378,0,0,0.0
2015,0,1,49.03
4990,0,0,0.0
4470,0,0,0.0
672,0,0,0.0
4498,0,1,46.97
3959,0,1,53.1
1565,0,1,278.81
2291,0,1,69.83
4679,0,0,0.0
4270,0,0,0.0
1977,0,0,0.0
4704,0,0,0.0
2629,0,0,0.0
1960,0,1,64.78
4071,0,0,0.0
3177,0,1,84.62
505,0,1,115.21
2534,0,1,55.48
3314,0,0,0.0
4721,0,0,0.0
4993,0,1,69.62
1572,0,0,0.0
3786,0,0,0.0
2373,0,0,0.0
3845,0,0,0.0
2312,0,1,247.76
2956,0,1,225.94
3686,0,1,136.97
3697,0,0,0.0
477,0,1,121.17
815,0,0,0.0
2502,0,0,0.0
1532,0,0,0.0
1963,0,0,0.0
780,0,1,59.8
2765,0,1,102.78
756,0,0,0.0
553,0,1,194.14
4099,0,0,0.0
2389,0,0,0.0
899,0,1,91.84
1576,0,0,0.0
4183,0,1,97.04
930,0,1,120.49
2889,0,0,0.0
950,0,0,0.0
3287,0,0,0.0
857,0,0,0.0
663,0,0,0.0
1795,0,0,0.0
2007,0,0,0.0
2250,0,0,0.0
2645,0,1,150.36
2368,0,1,227.71
1681,0,1,93.07
4769,0,0,0.0
1343,0,1,281.94
4233,0,1,79.04
2796,0,1,145.49
4554,0,0,0.0
1323,0,1,81.71
1604,0,0,0.0
3788,0,0,0.0
2229,0,0,0.0
2760,0,1,145.62
4895,0,1,48.34
4005,0,0,0.0
2879,0,0,0.0
1993,0,0,0.0
4057,0,0,0.0
1198,0,0,0.0
1763,0,0,0.0
2757,0,0,0.0
2845,0,0,0.0
4778,0,0,0.0
1116,0,0,0.0
1959,0,1,63.65
4694,0,0,0.0
1008,0,1,30.9
2043,0,0,0.0
4910,0,0,0.0
2383,0,0,0.0
4632,0,1,144.68
234,0,0,0.0
2133,0,0,0.0
312,0,1,67.94
2935,0,1,92.06
2592,0,1,142.64
4886,0,0,0.0
4973,0,1,224.37
1664,0,1,78.84
2826,0,1,164.43
4996,0,1,58.95
4526,0,0,0.0
4982,0,1,51.54
1900,0,1,128.0
1897,0,0,0.0
2261,0,1,186.63
4424,0,1,191.44
2571,0,0,0.0
4188,0,0,0.0
4305,0,1,172.93
795,0,1,205.05
4773,0,0,0.0
1237,0,0,0.0
1802,0,0,0.0
2962,0,0,0.0
3639,0,1,32.66
809,0,1,82.57
2615,0,0,0.0
382,0,1,132.9
1171,0,0,0.0
1195,0,0,0.0
3789,0,0,0.0
1549,0,0,0.0
1036,0,1,85.81
4782,0,0,0.0
4506,0,0,0.0
3807,0,0,0.0
1239,0,0,0.0
595,0,0,0.0
2847,0,0,0.0
1521,0,1,249.25
1490,0,0,0.0
1985,0,1,119.16
1773,0,1,143.12
3553,0,1,8.22
1012,0,0,0.0
1519,0,1,106.44
1515,0,0,0.0
1341,0,0,0.0
3444,0,0,0.0
1391,0,0,0.0
3387,0,0,0.0
3081,0,0,0.0
2965,0,1,194.19
363,0,1,62.96
3556,0,0,0.0
691,0,0,0.0
849,0,0,0.0
4542,0,0,0.0
1184,0,1,302.58
4384,0,0,0.0
564,0,1,64.48
2200,0,0,0.0
4516,0,0,0.0
4810,0,0,0.0
2875,0,1,112.05
4214,0,0,0.0
1744,0,0,0.0
2738,0,0,0.0
189,0,1,177.59
4584,0,0,0.0
611,0,1,118.98
1825,0,1,158.4
4266,0,0,0.0
4182,0,1,180.06
3234,0,0,0.0
1824,0,1,111.81
62,0,0,0.0
821,0,1,144.5
4462,0,1,51.11
4581,0,0,0.0
4469,0,1,132.48
2105,0,0,0.0
2208,0,0,0.0
1471,0,0,0.0
1779,0,1,45.83
1567,0,1,278.87
1561,0,0,0.0
3461,0,0,0.0
4244,0,0,0.0
2661,0,1,40.3
223,0,1,93.96
630,0,0,0.0
1735,0,1,10.33
1834,0,1,123.71
3213,0,1,173.78
2900,0,0,0.0
1275,0,0,0.0
4317,0,0,0.0
3890,0,0,0.0
690,0,0,0.0
3390,0,1,67.39
3354,0,0,0.0
2097,0,0,0.0
895,0,0,0.0
4496,0,0,0.0
196,0,0,0.0
1449,0,0,0.0
3270,0,1,301.26
114,0,1,197.87
1381,0,0,0.0
3470,0,1,280.11
3944,0,0,0.0
1672,0,0,0.0
4686,0,0,0.0
4698,0,1,49.41
758,0,1,56.97
1738,0,0,0.0
2194,0,0,0.0
3735,0,0,0.0
1840,0,0,0.0
2778,0,1,245.73
446,0,1,57.88
3509,0,1,34.28
678,0,1,127.34
723,0,0,0.0
3635,0,0,0.0
3758,0,1,53.58
762,0,0,0.0
2907,0,1,137.74
4799,0,0,0.0
1574,0,1,55.06
3206,0,1,268.81
985,0,1,43.89
2539,0,1,251.15
2357,0,0,0.0
2216,0,1,121.84
1412,0,1,170.57
3438,0,0,0.0
2156,0,0,0.0
531,0,1,156.36
1555,0,1,87.92
2733,0,1,104.32
193,0,0,0.0
4774,0,0,0.0
1684,0,0,0.0
4658,0,1,250.14
2715,0,0,0.0
3991,0,0,0.0
4347,0,0,0.0
4955,0,1,100.27
4850,0,1,334.85
2316,0,1,69.07
2098,0,1,48.83
2013,0,0,0.0
4286,0,0,0.0
3552,0,0,0.0
3448,0,1,104.9
2082,0,0,0.0
4885,0,0,0.0
243,0,0,0.0
2815,0,1,87.6
39,0,0,0.0
734,0,0,0.0
3106,0,0,0.0
3536,0,0,0.0
4844,0,0,0.0
1425,0,1,23.84
1863,0,0,0.0
1354,0,1,436.53
766,0,0,0.0
3003,0,0,0.0
304,0,0,0.0
2813,0,0,0.0
1646,0,1,12.16
3861,0,1,84.15
3219,0,1,72.66
4545,0,1,298.55
3409,0,1,182.43
3250,0,0,0.0
4264,0,1,95.99
4931,0,0,0.0
2803,0,1,160.99
3937,0,0,0.0
3048,0,0,0.0
4086,0,0,0.0
2501,0,0,0.0
822,0,0,0.0
1543,0,1,300.59
4706,0,0,0.0
3831,0,0,0.0
1832,0,0,0.0
4858,0,0,0.0
3819,0,0,0.0
825,0,0,0.0
3506,0,0,0.0
1088,0,1,225.86
1989,0,0,0.0
583,0,1,100.53
4319,0,0,0.0
1301,0,0,0.0
593,0,0,0.0
1951,0,1,45.47
2163,0,0,0.0
2552,0,1,108.15
1627,0,1,136.13
3517,0,0,0.0
2772,0,0,0.0
3681,0,1,46.08
3546,0,0,0.0
1294,0,1,109.64
2478,0,0,0.0
1389,0,0,0.0
2999,0,0,0.0
4905,0,1,103.13
2395,0,0,0.0
1469,0,1,181.38
1472,0,0,0.0
1794,0,0,0.0
3489,0,0,0.0
605,0,1,164.97
1994,0,0,0.0
4253,0,0,0.0
3828,0,0,0.0
545,0,0,0.0
1163,0,0,0.0
1562,0,0,0.0
235,0,1,17.21
4405,0,1,143.24
3544,0,0,0.0
3350,0,1,102.5
356,0,1,124.12
983,0,1,166.68
4571,0,0,0.0
3743,0,1,80.52
2092,0,0,0.0
22,0,1,127.42
2212,0,0,0.0
1258,0,0,0.0
4599,0,1,58.44
652,0,1,405.77
3230,0,1,94.59
3460,0,0,0.0
162,0,1,110.28
1169,0,1,50.11
1026,0,1,69.02
4540,0,0,0.0
3058,0,1,124.22
4085,0,1,54.39
61,0,0,0.0
3145,0,0,0.0
4906,0,1,28.5
3701,0,1,81.38
896,0,1,116.63
2686,0,0,0.0
2578,0,0,0.0
2811,0,1,19.97
2945,0,1,145.17
1620,0,0,0.0
1017,0,1,145.96
3971,0,0,0.0
2356,0,0,0.0
3098,0,0,0.0
238,0,0,0.0
3565,0,0,0.0
1338,0,0,0.0
1111,0,0,0.0
421,0,0,0.0
4133,0,1,70.25
3750,0,0,0.0
3641,0,0,0.0
1188,0,1,316.17
489,0,1,154.49
4113,0,0,0.0
613,0,1,115.2
4260,0,0,0.0
4787,0,1,93.45
1678,0,0,0.0
2223,0,0,0.0
2285,0,1,108.78
1874,0,1,72.88
388,0,0,0.0
3170,0,0,0.0
4149,0,0,0.0
1290,0,1,66.66
2632,0,1,151.95
3053,0,0,0.0
1721,0,0,0.0
41,0,0,0.0
4909,0,1,70.96
688,0,0,0.0
4020,0,0,0.0
1734,0,1,150.88
2996,0,0,0.0
212,0,1,101.6
2352,0,0,0.0
4211,0,1,44.77
4267,0,0,0.0
1507,0,0,0.0
3291,0,0,0.0
811,0,0,0.0
1513,0,0,0.0
70,0,0,0.0
3114,0,0,0.0
4963,0,1,21.99
3272,0,0,0.0
4300,0,1,255.34
4465,0,0,0.0
3135,0,1,111.39
4546,0,0,0.0
2618,0,0,0.0
2575,0,0,0.0
2646,0,0,0.0
4532,0,0,0.0
2276,0,1,100.83
2114,0,0,0.0
2445,0,1,49.29
3,0,1,266.17
874,0,1,439.22
3347,0,1,84.8
2078,0,1,245.6
3267,0,1,103.36
1525,0,1,135.55
1573,0,0,0.0
2551,0,0,0.0
4499,0,1,27.36
4829,0,0,0.0
4025,0,0,0.0
1867,0,1,201.74
2865,0,0,0.0
4292,0,0,0.0
3629,0,0,0.0
2954,0,1,137.74
3702,0,0,0.0
4193,0,1,60.41
2274,0,0,0.0
4892,0,0,0.0
2432,0,0,0.0
410,0,0,0.0
3101,0,1,53.48
4663,0,1,147.02
4949,0,0,0.0
1694,0,0,0.0
4940,0,1,32.95
4263,0,0,0.0
2704,0,0,0.0
145,0,0,0.0
3086,0,1,166.58
3903,0,0,0.0
1302,0,0,0.0
1254,0,0,0.0
606,0,1,92.15
3077,0,1,95.83
4172,0,0,0.0
852,0,0,0.0
4455,0,1,326.43
3013,0,0,0.0
1129,0,0,0.0
2143,0,1,190.42
590,0,0,0.0
4207,0,0,0.0
4608,0,0,0.0
3542,0,1,74.72
1029,0,1,92.67
420,0,0,0.0
4348,0,1,32.85
2071,0,1,227.89
1143,0,0,0.0
4447,0,1,195.93
1227,0,0,0.0
2786,0,1,63.14
952,0,1,51.24
3753,0,1,164.92
828,0,0,0.0
846,0,0,0.0
3919,0,0,0.0
3704,0,1,61.67
272,0,0,0.0
3050,0,1,28.99
2047,0,0,0.0
551,0,0,0.0
4127,0,0,0.0
1137,0,0,0.0
2084,0,0,0.0
4804,0,0,0.0
4491,0,0,0.0
4147,0,0,0.0
1654,0,0,0.0
928,0,1,74.09
2920,0,0,0.0
3344,0,0,0.0
109,0,0,0.0
4042,0,0,0.0
3022,0,0,0.0
1265,0,1,81.76
2515,0,0,0.0
4880,0,0,0.0
799,0,1,99.87
977,0,0,0.0
4619,0,0,0.0
1486,0,0,0.0
1987,0,0,0.0
2374,0,0,0.0
720,0,0,0.0
4438,0,1,37.82
2756,0,0,0.0
4750,0,1,99.25
2072,0,0,0.0
2220,0,1,343.49
3809,0,1,10.11
3754,0,0,0.0
1850,0,0,0.0
862,0,0,0.0
2448,0,0,0.0
969,0,0,0.0
2619,0,0,0.0
2853,0,0,0.0
2131,0,0,0.0
2892,0,0,0.0
2755,0,1,80.05
521,0,1,45.56
516,0,1,47.07
1585,0,0,0.0
3696,0,0,0.0
279,0,1,167.18
988,0,0,0.0
3400,0,1,130.29
231,0,1,137.73
2742,0,1,141.16
112,0,0,0.0
2959,0,1,108.18
1306,0,0,0.0
879,0,0,0.0
1594,0,1,20.05
3955,0,0,0.0
265,0,0,0.0
1082,0,0,0.0
2121,0,0,0.0
2594,0,0,0.0
2179,0,0,0.0
4637,0,0,0.0
3150,0,0,0.0
2174,0,1,270.51
3198,0,1,53.82
2967,0,1,76.17
2546,0,0,0.0
2530,0,0,0.0
380,0,1,25.74
1921,0,0,0.0
3745,0,1,186.76
1204,0,0,0.0
4032,0,0,0.0
3095,0,0,0.0
2446,0,0,0.0
2101,0,1,89.39
2447,0,0,0.0
721,0,0,0.0
1183,0,0,0.0
577,0,0,0.0
2654,0,0,0.0
1630,0,0,0.0
1707,0,0,0.0
953,0,0,0.0
4651,0,1,146.94
4477,0,0,0.0
4853,0,0,0.0
4638,0,0,0.0
4897,0,0,0.0
4935,0,0,0.0
2390,0,0,0.0
3878,0,0,0.0
4090,0,1,137.04
1154,0,0,0.0
2647,0,0,0.0
2514,0,0,0.0
726,0,0,0.0
4430,0,0,0.0
3024,0,0,0.0
2398,0,0,0.0
3357,0,1,223.86
2859,0,1,229.88
1400,0,1,83.96
2855,0,0,0.0
3864,0,0,0.0
1939,0,0,0.0
2326,0,0,0.0
719,0,1,66.7
4102,0,0,0.0
2739,0,0,0.0
1133,0,0,0.0
2479,0,1,56.77
1626,0,1,273.32
1934,0,0,0.0
2653,0,0,0.0
47,0,1,263.09
4624,0,1,38.51
3822,0,0,0.0
3557,0,0,0.0
967,0,0,0.0
3663,0,0,0.0
2197,0,0,0.0
3434,0,0,0.0
424,0,0,0.0
132,0,1,33.24
86,0,0,0.0
908,0,0,0.0
2982,0,0,0.0
586,0,1,135.09
4879,0,1,137.03
769,0,0,0.0
1375,0,0,0.0
2888,0,1,39.81
437,0,0,0.0
2068,0,0,0.0
2925,0,0,0.0
3901,0,0,0.0
3842,0,0,0.0
1087,0,1,85.95
4296,0,1,126.58
3507,0,0,0.0
4159,0,0,0.0
81,0,1,271.3
1442,0,0,0.0
3133,0,1,177.12
4764,0,0,0.0
3985,0,0,0.0
3020,0,0,0.0
3257,0,1,124.22
3280,0,1,117.13
1362,0,0,0.0
1745,0,0,0.0
558,0,0,0.0
3345,0,0,0.0
1933,0,0,0.0
3642,0,0,0.0
4707,0,0,0.0
3914,0,0,0.0
3478,0,0,0.0
2472,0,1,26.59
4444,0,0,0.0
4330,0,0,0.0
3679,0,0,0.0
2635,0,0,0.0
4715,0,0,0.0
4552,0,0,0.0
354,0,1,93.08
911,0,0,0.0
2437,0,0,0.0
651,0,1,58.81
774,0,0,0.0
4882,0,1,69.02
3028,0,0,0.0
2079,0,1,50.91
373,0,1,274.59
836,0,0,0.0
2780,0,0,0.0
2664,0,0,0.0
1244,0,0,0.0
2906,0,1,71.12
20,0,0,0.0
1368,0,0,0.0
2839,0,0,0.0
2161,0,0,0.0
4431,0,1,90.1
2315,0,1,101.6
544,0,0,0.0
2484,0,1,217.08
3433,0,1,107.29
1287,0,1,178.46
274,0,1,61.69
3896,0,0,0.0
4539,0,0,0.0
4677,0,0,0.0
261,0,0,0.0
1487,0,1,20.25
4979,0,0,0.0
4322,0,0,0.0
3415,0,0,0.0
1697,0,1,19.2
3282,0,0,0.0
451,0,1,186.81
2895,0,1,244.73
2176,0,1,149.87
4436,0,0,0.0
1398,0,0,0.0
